,Shape,Carat Weight,Color,Clarity,Cut,Certification,Depth %,Table %,Polish,Symmetry,Cut Grade,Measurements,Length to Width,Girdle,Culet,Fluorescence,Stock Number,Price
0,Round,0.30 ct.,H,SI1,Excellent,GIA,60.0 %,56 %,Very Good,Good,Very Good,4.34x4.36x2.61 mm,1.00,Medium - Sl. Thick,None,Faint,D113631070,$506
1,Round,0.37 ct.,K,SI1,Excellent,GIA,63.7 %,57 %,Excellent,Very Good,Very Good,4.48x4.5x2.86 mm,1.00,n/a,n/a,None,D112952951,$500
2,Round,0.37 ct.,K,SI1,Excellent,GIA,63.7 %,57 %,Excellent,Very Good,Very Good,4.48x4.5x2.86 mm,1.00,n/a,n/a,None,D112952951,$500
3,Round,0.37 ct.,K,SI1,Very Good,GIA,64.4 %,60 %,Very Good,Very Good,Very Good,4.44x4.49x2.87 mm,1.01,Medium - Thick,None,None,D113039019,$500
4,Round,0.30 ct.,K,IF,Very Good,GIA,61.4 %,64 %,Very Good,Very Good,Very Good,4.28x4.23x2.61 mm,1.01,Sl. Thick - Thick,None,None,D113241731,$500
5,Round,0.33 ct.,J,VS2,Ideal,GIA,61.9 %,53 %,Excellent,Very Good,Excellent,4.49x4.51x2.79 mm,1.00,Thin - Medium,None,None,D113482712,$500
6,Round,0.31 ct.,J,VS1,Ideal,GIA,61.1 %,61 %,Excellent,Excellent,Excellent,4.35x4.38x2.67 mm,1.01,n/a,n/a,Faint,D113681830,$500
7,Round,0.40 ct.,K,SI2,Ideal,GIA,62.0 %,59 %,Very Good,Very Good,Very Good,4.68x4.69x2.91 mm,1.00,Thin - Thick,None,Medium,D112747220,$502
8,Round,0.31 ct.,J,SI1,Excellent,GIA,63.6 %,55 %,Very Good,Very Good,Very Good,4.30x4.25x2.72 mm,1.01,Thin - Sl. Thick,None,Faint,D113176303,$502
9,Round,0.32 ct.,I,SI1,Ideal,GIA,61.6 %,58 %,Very Good,Excellent,Very Good,4.37x4.4x2.7 mm,1.01,n/a,n/a,Faint,D113341546,$502
10,Round,0.30 ct.,F,SI1,Good,GIA,56.4 %,64 %,Good,Good,Fair,4.40x4.46x2.50 mm,1.01,Medium - Thick,None,None,D113847782,$502
11,Round,0.36 ct.,K,SI1,Ideal,GIA,64.0 %,56 %,Excellent,Excellent,Very Good,4.48x4.46x2.86 mm,1.00,Medium - Thick,None,None,D112196826,$503
12,Round,0.30 ct.,G,SI1,Ideal,GIA,62.1 %,58 %,Excellent,Very Good,Very Good,4.24x4.23x2.63 mm,1.00,Thick,None,None,D113433339,$503
13,Round,0.40 ct.,K,VVS2,Very Good,GIA,66.2 %,59 %,Excellent,Good,Good,4.53x4.42x2.96 mm,1.02,Thick - V. Thick,None,None,D113624424,$503
14,Round,0.29 ct.,K,VS2,Ideal,GIA,62.7 %,57 %,Very Good,Very Good,Very Good,4.2x4.27x2.66 mm,1.02,n/a,None,None,D111982713,$504
15,Round,0.30 ct.,F,SI1,Very Good,GIA,63.1 %,58 %,Very Good,Good,Good,4.23x4.19x2.66 mm,1.01,Thin - V. Thick,None,None,D112110447,$504
16,Round,0.30 ct.,K,VVS1,Excellent,GIA,64.2 %,56 %,Excellent,Excellent,Very Good,4.19x4.21x2.7 mm,1.00,Sl. Thick,None,Medium,D112478297,$504
17,Round,0.30 ct.,K,VVS1,Excellent,GIA,64.0 %,57 %,Very Good,Very Good,Very Good,4.18x4.21x2.68 mm,1.01,n/a,n/a,None,D113680389,$504
18,Round,0.30 ct.,K,VVS1,Ideal,GIA,63.5 %,59 %,Excellent,Excellent,Very Good,4.19x4.23x2.67 mm,1.01,n/a,n/a,None,D113702586,$504
19,Round,0.30 ct.,J,SI1,Very Good,GIA,63.6 %,62 %,Excellent,Excellent,Very Good,4.18x4.22x2.67 mm,1.01,n/a,n/a,Faint,D113849550,$504
20,Round,0.30 ct.,J,VS2,Very Good,GIA,64.6 %,55 %,Very Good,Excellent,Good,4.20x4.16x2.70 mm,1.01,Sl. Thick - Thick,None,Faint,D112110383,$506
21,Round,0.30 ct.,J,VS2,Excellent,GIA,64.2 %,55 %,Excellent,Excellent,Good,4.2x4.22x2.71 mm,1.00,Medium - Thick,None,Faint,D112112634,$506
22,Round,0.40 ct.,K,SI1,Very Good,GIA,64.1 %,59 %,Excellent,Very Good,Good,4.56x4.61x2.94 mm,1.01,Sl. Thick - Thick,None,None,D112370644,$506
23,Round,0.35 ct.,J,SI1,Very Good,GIA,64.0 %,58 %,Very Good,Good,Very Good,4.42x4.39x2.82 mm,1.01,Sl. Thick - Thick,None,Medium,D112879847,$506
24,Round,0.37 ct.,J,SI1,Good,GIA,65.6 %,60 %,Very Good,Very Good,Good,4.36x4.42x2.88 mm,1.01,Sl. Thick - V. Thick,None,Strong,D112882333,$506
25,Round,0.30 ct.,H,SI1,Excellent,GIA,60.0 %,56 %,Very Good,Good,Very Good,4.34x4.36x2.61 mm,1.00,Medium - Sl. Thick,None,Faint,D113631070,$506
26,Round,0.36 ct.,I,SI1,Ideal,GIA,62.4 %,58 %,Very Good,Excellent,Very Good,4.53x4.55x2.83 mm,1.00,V. Thin - Sl. Thick,None,Strong,D111983175,$507
27,Round,0.23 ct.,D,VS2,Ideal,GIA,60.1 %,61 %,Very Good,Excellent,Excellent,3.99x3.98x2.40 mm,1.00,n/a,None,Faint,D112185899,$507
28,Round,0.30 ct.,F,SI2,Very Good,GIA,64.2 %,57 %,Very Good,Very Good,Good,4.17x4.18x2.68 mm,1.00,V. Thick,None,None,D112880847,$507
29,Round,0.40 ct.,K,SI2,Ideal,GIA,62.8 %,58 %,Excellent,Very Good,Very Good,4.67x4.69x2.94 mm,1.00,Sl. Thick - Thick,None,Faint,D112882519,$507
30,Round,0.40 ct.,K,SI2,Excellent,GIA,63.5 %,59 %,Very Good,Very Good,Very Good,4.65x4.60x2.94 mm,1.01,Sl. Thick - Thick,None,Faint,D112883637,$507
31,Round,0.40 ct.,K,SI2,Very Good,GIA,64.9 %,55 %,Excellent,Very Good,Very Good,4.61x4.54x2.97 mm,1.02,Thin - Thick,None,Faint,D113241265,$507
32,Round,0.40 ct.,K,SI2,Excellent,GIA,63.9 %,57 %,Excellent,Very Good,Very Good,4.64x4.6x2.95 mm,1.01,Thin - Thick,None,Faint,D113460800,$507
33,Round,0.23 ct.,F,VS2,Ideal,GIA,60.4 %,62 %,Excellent,Excellent,Excellent,3.93x3.95x2.38 mm,1.01,Thin - Sl. Thick,n/a,None,D113590871,$507
34,Round,0.34 ct.,J,VS2,Ideal,GIA,60.4 %,62 %,Excellent,Excellent,Excellent,4.49x4.51x2.72 mm,1.00,n/a,None,Faint,D113726911,$507
35,Round,0.38 ct.,K,SI2,Ideal,GIA,61.2 %,58 %,Very Good,Very Good,Excellent,4.7x4.67x2.87 mm,1.01,n/a,n/a,Faint,D112199144,$509
36,Round,0.23 ct.,E,VS1,Ideal,GIA,61.3 %,60 %,Excellent,Very Good,Very Good,3.91x3.96x2.41 mm,1.01,Medium - Thick,None,None,D112885583,$509
37,Round,0.30 ct.,F,SI2,Very Good,GIA,59.5 %,62 %,Very Good,Very Good,Very Good,4.4x4.35x2.61 mm,1.01,n/a,None,None,D113434287,$509
38,Round,0.30 ct.,J,VS2,Ideal,GIA,60.0 %,61 %,Excellent,Excellent,Excellent,4.33 x 4.37 x 2.61 mm,1.01,n/a,None,None,D113634166,$509
39,Round,0.38 ct.,K,VS2,Very Good,GIA,61.9 %,60 %,Good,Good,Good,4.58x4.54x2.82 mm,1.01,Medium - V. Thick,None,None,D111984795,$510
40,Round,0.30 ct.,E,SI2,Ideal,GIA,60.0 %,61 %,Excellent,Excellent,Excellent,4.36x4.34x2.61 mm,1.00,n/a,None,None,D112710425,$510
41,Round,0.31 ct.,J,IF,Excellent,GIA,63.0 %,56 %,Very Good,Good,Very Good,4.27x4.29x2.7 mm,1.00,Sl. Thick,None,None,D112882463,$510
42,Round,0.36 ct.,J,SI1,Excellent,GIA,63.7 %,55 %,Excellent,Excellent,Good,4.49x4.51x2.87 mm,1.00,n/a,n/a,Faint,D112884155,$510
43,Round,0.23 ct.,G,VS1,Ideal,GIA,62.9 %,58 %,Very Good,Excellent,Very Good,3.91x3.93x2.47 mm,1.01,n/a,None,Faint,D112885790,$510
44,Round,0.31 ct.,H,SI2,Excellent,GIA,62.4 %,56 %,Good,Very Good,Very Good,4.32x4.34x2.7 mm,1.00,n/a,n/a,Faint,D113433697,$510
45,Round,0.36 ct.,K,SI1,Excellent,GIA,64.2 %,57 %,Very Good,Excellent,Very Good,4.44x4.49x2.87 mm,1.01,Thick,None,Faint,D113566510,$510
46,Round,0.30 ct.,E,SI2,Excellent,GIA,60.4 %,58 %,Very Good,Good,Good,4.31x4.28x2.59 mm,1.01,Medium - V. Thick,None,Faint,D112745110,$511
47,Round,0.23 ct.,F,VVS2,Ideal,GIA,60.3 %,61 %,Excellent,Very Good,Excellent,4x3.96x2.4 mm,1.01,n/a,None,None,D113303540,$511
48,Round,0.30 ct.,G,SI2,Ideal,GIA,61.1 %,61 %,Excellent,Excellent,Excellent,4.34x4.32x2.65 mm,1.00,n/a,None,Medium,D113520839,$511
49,Round,0.23 ct.,H,VVS1,Ideal,GIA,59.0 %,60 %,Excellent,Excellent,Excellent,4.01x3.99x2.36 mm,1.01,n/a,None,Faint,D111955116,$513
50,Round,0.33 ct.,J,SI2,Ideal,GIA,61.8 %,61 %,Excellent,Excellent,Excellent,4.44x4.40x2.73 mm,1.01,n/a,None,Faint,D112346241,$513
51,Round,0.35 ct.,I,SI2,Excellent,GIA,58.8 %,62 %,Excellent,Excellent,Excellent,4.64x4.66x2.73 mm,1.00,n/a,None,Medium,D112881133,$513
52,Round,0.30 ct.,F,SI2,Excellent,GIA,63.1 %,60 %,Excellent,Very Good,Very Good,4.24x4.26x2.68 mm,1.00,Sl. Thick - Thick,None,Faint,D113302908,$513
53,Round,0.30 ct.,H,SI2,Very Good,GIA,58.4 %,62 %,Very Good,Very Good,Excellent,4.36x4.42x2.56 mm,1.01,n/a,None,None,D113563812,$513
54,Round,0.30 ct.,D,SI2,Excellent,GIA,61.7 %,57 %,Good,Good,Very Good,4.29x4.33x2.66 mm,1.01,Medium - Sl. Thick,None,None,D113787383,$513
55,Round,0.40 ct.,K,SI1,Very Good,GIA,64.8 %,57 %,Excellent,Very Good,Good,4.56x4.59x2.97 mm,1.01,n/a,n/a,Faint,D112880166,$514
56,Round,0.40 ct.,K,SI1,Very Good,GIA,67.4 %,56 %,Excellent,Good,Good,4.48x4.39x2.99 mm,1.02,Sl. Thick - V. Thick,None,Faint,D113460802,$514
57,Round,0.40 ct.,K,SI1,Good,GIA,65.6 %,56 %,Good,Very Good,Good,4.54x4.61x3.00 mm,1.02,Medium - V. Thick,None,Faint,D113490209,$514
58,Round,0.40 ct.,K,VS1,Very Good,GIA,64.8 %,56 %,Very Good,Very Good,Very Good,4.6x4.56x2.97 mm,1.01,Sl. Thick - Thick,None,None,D113624425,$514
59,Round,0.33 ct.,I,SI1,Very Good,GIA,64.8 %,57 %,Excellent,Very Good,Good,4.25x4.31x2.77 mm,1.01,n/a,n/a,None,D113688974,$514
60,Round,0.29 ct.,J,VS1,Excellent,GIA,62.1 %,57 %,Very Good,Good,Very Good,4.25x4.24x2.63 mm,1.00,Medium,None,None,D111993050,$516
61,Round,0.26 ct.,J,VVS2,Ideal,GIA,59.9 %,62 %,Excellent,Excellent,Excellent,4.15x4.13x2.48 mm,1.00,n/a,None,Faint,D112185945,$516
62,Round,0.30 ct.,F,SI2,Very Good,GIA,65.9 %,58 %,Very Good,Very Good,Good,4.15x4.18x2.74 mm,1.01,Sl. Thick - Thick,None,None,D112635322,$516
63,Round,0.30 ct.,F,SI1,Excellent,GIA,63.9 %,55 %,Excellent,Very Good,Very Good,4.19x4.21x2.69 mm,1.00,Medium - Thick,None,Strong,D112695652,$516
64,Round,0.30 ct.,F,SI2,Very Good,GIA,59.2 %,61 %,Very Good,Very Good,Very Good,4.35x4.37x2.58 mm,1.00,n/a,None,Faint,D112747067,$516
65,Round,0.30 ct.,I,VS2,Excellent,GIA,63.5 %,58 %,Very Good,Very Good,Very Good,4.15x4.2x2.65 mm,1.01,Thin - Thick,None,Faint,D112935794,$516
66,Round,0.30 ct.,D,SI1,Very Good,GIA,69.1 %,54 %,Excellent,Very Good,Fair,4.04x4.02x2.79 mm,1.00,Sl. Thick - V. Thick,None,None,D113207842,$516
67,Round,0.40 ct.,K,SI2,Excellent,GIA,63.2 %,59 %,Very Good,Good,Very Good,4.65x4.56x2.91 mm,1.02,V. Thin - Thick,None,None,D113446226,$516
68,Round,0.33 ct.,J,SI1,Ideal,GIA,59.3 %,61 %,Excellent,Excellent,Excellent,4.53x4.54x2.69 mm,1.00,Medium,None,Medium,D111982847,$517
69,Round,0.30 ct.,E,SI1,Excellent,GIA,60.3 %,61 %,Excellent,Very Good,Good,4.26x4.24x2.56 mm,1.00,Thick - V. Thick,None,None,D112109793,$517
70,Round,0.23 ct.,F,VVS2,Very Good,GIA,60.8 %,65 %,Excellent,Very Good,Very Good,3.93x3.92x2.39 mm,1.00,Sl. Thick - Thick,None,Faint,D112185806,$517
71,Round,0.27 ct.,E,VVS2,Excellent,GIA,60.3 %,58 %,Very Good,Good,Very Good,4.17x4.25x2.54 mm,1.02,Medium - Sl. Thick,None,None,D112614128,$517
72,Round,0.40 ct.,K,VS2,Excellent,GIA,60.2 %,57 %,Excellent,Good,Good,4.7x4.76x2.85 mm,1.01,Medium - Thick,None,Faint,D113123042,$517
73,Round,0.30 ct.,K,VS2,Ideal,GIA,61.1 %,60 %,Very Good,Very Good,Excellent,4.27x4.29x2.62 mm,1.00,n/a,None,None,D113289972,$517
74,Round,0.38 ct.,K,SI1,Very Good,GIA,64.1 %,57 %,Very Good,Very Good,Very Good,4.54x4.48x2.89 mm,1.01,Sl. Thick - Thick,None,Medium,D113475284,$517
75,Round,0.23 ct.,E,VVS2,Excellent,GIA,61.4 %,61 %,Very Good,Very Good,Excellent,3.91x3.95x2.41 mm,1.01,n/a,n/a,None,D113575585,$517
76,Round,0.32 ct.,F,SI2,Excellent,GIA,63.6 %,56 %,Very Good,Very Good,Very Good,4.32x4.29x2.74 mm,1.01,Sl. Thick - Thick,None,None,D112110463,$518
77,Round,0.38 ct.,K,SI1,Excellent,GIA,64.6 %,55 %,Excellent,Excellent,Very Good,4.49x4.53x2.92 mm,1.01,n/a,n/a,None,D112952948,$518
78,Round,0.40 ct.,K,VS2,Very Good,GIA,65.1 %,58 %,Excellent,Good,Very Good,4.61x4.5x2.96 mm,1.02,Medium - Thick,None,None,D113302607,$518
79,Round,0.40 ct.,K,VS2,Very Good,GIA,65.3 %,58 %,Excellent,Very Good,Very Good,4.63x4.57x3 mm,1.01,Medium - Thick,None,Faint,D113455499,$518
80,Round,0.29 ct.,I,VS2,Very Good,GIA,58.9 %,63 %,Excellent,Very Good,Very Good,4.33x4.34x2.56 mm,1.00,V. Thin - Sl. Thick,None,None,D113710017,$518
81,Round,0.40 ct.,J,SI2,Excellent,GIA,58.9 %,60 %,Very Good,Excellent,Very Good,4.84x4.85x2.85 mm,1.00,n/a,None,None,D112745939,$520
82,Round,0.30 ct.,H,SI2,Excellent,GIA,63.0 %,56 %,Very Good,Good,Very Good,4.3x4.22x2.68 mm,1.02,n/a,None,Medium,D113248984,$520
83,Round,0.30 ct.,G,SI2,Excellent,GIA,63.5 %,54 %,Very Good,Very Good,Very Good,4.22x4.27x2.7 mm,1.01,n/a,None,Faint,D113437223,$520
84,Round,0.40 ct.,J,SI2,Ideal,GIA,62.6 %,57 %,Very Good,Very Good,Excellent,4.69x4.71x2.94 mm,1.00,Medium - Sl. Thick,None,None,D113495469,$520
85,Round,0.31 ct.,J,VVS2,Good,GIA,60.2 %,65 %,Good,Good,Very Good,4.4x4.35x2.63 mm,1.01,Medium - Thick,None,Medium,D112100617,$521
86,Round,0.30 ct.,E,SI2,Ideal,GIA,59.3 %,58 %,Excellent,Very Good,Excellent,4.35x4.38x2.59 mm,1.01,Medium - Sl. Thick,None,None,D113082413,$521
87,Round,0.30 ct.,K,VS2,Ideal,GIA,59.3 %,60 %,Excellent,Excellent,Excellent,4.35x4.37x2.58 mm,1.00,n/a,None,None,D113210217,$521
88,Round,0.30 ct.,E,SI2,Ideal,GIA,61.2 %,60 %,Excellent,Excellent,Very Good,4.29x4.31x2.63 mm,1.00,Medium - Sl. Thick,None,None,D113654446,$521
89,Round,0.30 ct.,K,IF,Excellent,GIA,58.7 %,61 %,Excellent,Excellent,Very Good,4.41x4.39x2.58 mm,1.00,n/a,None,Faint,D112111658,$523
90,Round,0.23 ct.,E,VVS2,Ideal,GIA,62.7 %,55 %,Excellent,Very Good,Very Good,3.93x3.89x2.45 mm,1.01,Thin - Sl. Thick,n/a,None,D112185000,$523
91,Round,0.40 ct.,J,SI2,Good,GIA,59.3 %,63 %,Very Good,Good,Good,4.7x4.74x2.8 mm,1.01,Medium - V. Thick,None,None,D112743492,$523
92,Round,0.40 ct.,K,SI1,Ideal,GIA,59.1 %,55 %,Excellent,Very Good,Very Good,4.78x4.82x2.84 mm,1.01,n/a,None,Strong,D112880164,$523
93,Round,0.30 ct.,F,SI2,Ideal,GIA,61.5 %,60 %,Excellent,Very Good,Very Good,4.27x4.28x2.63 mm,1.00,Thin - Sl. Thick,None,None,D113028428,$523
94,Round,0.23 ct.,E,IF,Excellent,GIA,62.0 %,61 %,Excellent,Very Good,Very Good,3.91x3.86x2.41 mm,1.01,Sl. Thick - Thick,None,None,D113272912,$523
95,Round,0.30 ct.,E,SI2,Very Good,GIA,58.1 %,66 %,Excellent,Excellent,Very Good,4.35x4.39x2.54 mm,1.01,Sl. Thick - Thick,None,Faint,D113567381,$523
96,Round,0.23 ct.,H,IF,Ideal,GIA,60.6 %,61 %,Excellent,Excellent,Excellent,4x3.99x2.42 mm,1.00,n/a,None,None,D113619834,$523
97,Round,0.30 ct.,E,SI2,Ideal,GIA,62.6 %,55 %,Very Good,Very Good,Very Good,4.25x4.27x2.67 mm,1.00,n/a,None,None,D112110626,$524
98,Round,0.30 ct.,E,SI2,Excellent,GIA,60.5 %,62 %,Excellent,Very Good,Very Good,4.32x4.30x2.61 mm,1.00,Sl. Thick - Thick,None,None,D112114189,$524
99,Round,0.24 ct.,D,VS2,Ideal,GIA,63.4 %,57 %,Excellent,Very Good,Excellent,3.95x3.92x2.49 mm,1.01,Thin - Sl. Thick,None,Medium,D112185674,$524
100,Round,0.30 ct.,E,VS2,Very Good,GIA,66.7 %,56 %,Excellent,Very Good,Fair,4.13x4.09x2.74 mm,1.01,Sl. Thick - V. Thick,None,None,D112750191,$524
101,Round,0.37 ct.,H,SI2,Very Good,GIA,64.4 %,59 %,Very Good,Very Good,Very Good,4.48x4.53x2.90 mm,1.01,V. Thin - Thick,None,None,D113495786,$524
102,Round,0.30 ct.,J,VVS2,Ideal,GIA,64.0 %,58 %,Excellent,Excellent,Very Good,4.19x4.22x2.69 mm,1.01,Sl. Thick - Thick,None,Medium,D113570351,$524
103,Round,0.28 ct.,E,SI1,Very Good,GIA,59.2 %,61 %,Very Good,Very Good,Very Good,4.29x4.3x2.54 mm,1.00,V. Thin - Medium,None,None,D112667873,$525
104,Round,0.31 ct.,K,VVS1,Ideal,GIA,59.7 %,62 %,Excellent,Excellent,Excellent,4.41x4.44x2.64 mm,1.01,n/a,None,Faint,D113567344,$525
105,Round,0.24 ct.,H,IF,Ideal,GIA,62.3 %,60 %,Excellent,Very Good,Excellent,4x3.95x2.48 mm,1.01,n/a,None,None,D111974575,$527
106,Round,0.37 ct.,J,SI2,Excellent,GIA,64.4 %,59 %,Excellent,Very Good,Very Good,4.44x4.48x2.87 mm,1.01,n/a,n/a,None,D112880068,$527
107,Round,0.30 ct.,G,SI2,Ideal,GIA,62.3 %,59 %,Excellent,Good,Very Good,4.24x4.28x2.65 mm,1.01,Thin - Sl. Thick,None,None,D112882577,$527
108,Round,0.37 ct.,J,SI2,Very Good,GIA,64.5 %,55 %,Very Good,Very Good,Very Good,4.45x4.49x2.88 mm,1.01,n/a,n/a,None,D112883129,$527
109,Round,0.37 ct.,J,SI2,Ideal,GIA,60.5 %,57 %,Very Good,Very Good,Very Good,4.58x4.61x2.78 mm,1.01,Medium - Thick,None,None,D112952940,$527
110,Round,0.30 ct.,F,SI2,Very Good,GIA,66.0 %,57 %,Excellent,Very Good,Good,4.13x4.15x2.73 mm,1.00,Thick - V. Thick,None,None,D113143913,$527
111,Round,0.30 ct.,G,SI2,Good,GIA,64.6 %,60 %,Good,Very Good,Good,4.13x4.17x2.68 mm,1.01,n/a,n/a,None,D113353273,$527
112,Round,0.30 ct.,E,SI1,Very Good,GIA,64.4 %,57 %,Very Good,Very Good,Very Good,4.15x4.19x2.69 mm,1.01,Thick,None,None,D113509607,$527
113,Round,0.30 ct.,I,VVS2,Ideal,GIA,61.5 %,61 %,Excellent,Excellent,Very Good,4.26x2.62x4.27 mm,1.63,Sl. Thick - Thick,None,Faint,D113577671,$527
114,Round,0.30 ct.,G,SI2,Very Good,GIA,63.9 %,56 %,Very Good,Good,Very Good,4.17x4.23x2.69 mm,1.01,Sl. Thick - Thick,None,None,D113646500,$527
115,Round,0.32 ct.,G,SI2,Ideal,GIA,60.8 %,60 %,Very Good,Very Good,Excellent,4.44x4.46x2.71 mm,1.00,Medium - Sl. Thick,None,None,D113786969,$527
116,Round,0.39 ct.,J,SI2,Excellent,GIA,60.5 %,60 %,Very Good,Very Good,Very Good,4.63x4.69x2.82 mm,1.01,n/a,n/a,Faint,D112880074,$528
117,Round,0.34 ct.,D,SI2,Excellent,GIA,59.4 %,61 %,Very Good,Excellent,Excellent,4.54 x 4.58 x 2.71 mm,1.01,n/a,None,Strong,D113500583,$528
118,Round,0.23 ct.,D,SI1,Excellent,GIA,58.6 %,61 %,Excellent,Excellent,Excellent,4.02x4.01x2.35 mm,1.00,n/a,None,None,D112185438,$530
119,Round,0.37 ct.,J,SI1,Very Good,GIA,64.8 %,55 %,Excellent,Good,Very Good,4.41x4.48x2.88 mm,1.02,n/a,n/a,Medium,D112883126,$530
120,Round,0.30 ct.,G,SI1,Very Good,GIA,58.8 %,61 %,Very Good,Good,Very Good,4.34x4.40x2.57 mm,1.01,Thin - Thick,None,None,D113710003,$530
121,Round,0.40 ct.,K,SI2,Very Good,GIA,64.9 %,55 %,Excellent,Very Good,Good,4.61x4.58x2.98 mm,1.01,Sl. Thick - Thick,None,Faint,D112110597,$531
122,Round,0.38 ct.,J,SI2,Ideal,GIA,62.5 %,56 %,Very Good,Very Good,Excellent,4.61x4.63x2.89 mm,1.00,n/a,None,None,D112286152,$531
123,Round,0.23 ct.,E,VVS2,Ideal,GIA,60.1 %,60 %,Excellent,Very Good,Excellent,3.96x3.97x2.38 mm,1.00,n/a,None,None,D112559373,$531
124,Round,0.30 ct.,F,SI2,Excellent,GIA,63.3 %,57 %,Very Good,Very Good,Very Good,4.19x4.23x2.67 mm,1.01,Medium - Thick,None,Faint,D112883119,$531
125,Round,0.30 ct.,H,SI1,Ideal,GIA,60.4 %,60 %,Excellent,Very Good,Very Good,4.27x4.31x2.59 mm,1.01,n/a,n/a,None,D113503273,$531
126,Round,0.37 ct.,G,SI2,Ideal,GIA,61.6 %,60 %,Very Good,Excellent,Excellent,4.62x4.64x2.85 mm,1.00,Medium - Sl. Thick,None,None,D113589031,$531
127,Round,0.30 ct.,F,SI2,Excellent,GIA,61.3 %,59 %,Very Good,Good,Very Good,4.28x4.26x2.62 mm,1.00,Sl. Thick - Thick,None,None,D113646495,$531
128,Round,0.30 ct.,F,SI2,Ideal,GIA,63.1 %,58 %,Excellent,Very Good,Very Good,4.2x4.26x2.67 mm,1.01,Medium - Thick,n/a,None,D113656385,$531
129,Round,0.23 ct.,E,VS2,Ideal,GIA,59.9 %,61 %,Excellent,Excellent,Excellent,3.99x3.98x2.39 mm,1.00,n/a,n/a,None,D15114017,$532
130,Round,0.36 ct.,K,VS1,Excellent,GIA,64.3 %,58 %,Very Good,Excellent,Very Good,4.48x4.46x2.87 mm,1.00,Medium - Thick,None,Strong,D111985002,$532
131,Round,0.40 ct.,K,SI2,Excellent,GIA,64.1 %,55 %,Excellent,Excellent,Very Good,4.63x4.64x2.97 mm,1.00,Medium - Thick,None,None,D112276550,$532
132,Round,0.40 ct.,J,VS2,Very Good,GIA,66.8 %,57 %,Very Good,Excellent,Fair,4.52x4.55x3.03 mm,1.01,Thick - V. Thick,None,Medium,D112882689,$532
133,Round,0.28 ct.,J,VS2,Excellent,GIA,62.2 %,58 %,Good,Good,Very Good,4.12x4.14x2.57 mm,1.00,Sl. Thick - Thick,None,None,D112885578,$532
134,Round,0.30 ct.,G,SI2,Excellent,GIA,63.7 %,56 %,Excellent,Very Good,Very Good,4.18x4.21x2.67 mm,1.01,Sl. Thick - Thick,None,None,D113099484,$532
135,Round,0.30 ct.,H,SI2,Ideal,GIA,59.5 %,60 %,Very Good,Excellent,Excellent,4.42x4.4x2.62 mm,1.00,Thin - Medium,None,None,D113576614,$532
136,Round,0.30 ct.,I,VS2,Very Good,GIA,63.5 %,61 %,Very Good,Good,Very Good,4.13x4.21x2.65 mm,1.02,Thin - Thick,None,None,D113685563,$532
137,Round,0.30 ct.,G,SI1,Very Good,GIA,65.1 %,56 %,Very Good,Good,Very Good,4.18x4.22x2.73 mm,1.01,Thin - Thick,None,None,D113840680,$532
138,Round,0.37 ct.,J,SI2,Ideal,GIA,61.0 %,61 %,Excellent,Excellent,Excellent,4.62x4.6x2.81 mm,1.00,n/a,None,Medium,D111980593,$534
139,Round,0.32 ct.,H,SI2,Good,GIA,57.0 %,62 %,Very Good,Very Good,Good,4.54x4.52x2.58 mm,1.00,Medium - Thick,None,Faint,D112110063,$534
140,Round,0.30 ct.,J,VS1,Very Good,GIA,63.9 %,53 %,Very Good,Very Good,Good,4.17x4.2x2.68 mm,1.01,Thick - V. Thick,None,Faint,D112110861,$534
141,Round,0.38 ct.,I,SI2,Good,GIA,59.6 %,63 %,Good,Good,Good,4.66x4.64x2.77 mm,1.00,Sl. Thick - V. Thick,None,None,D112112078,$534
142,Round,0.23 ct.,E,VS1,Ideal,GIA,62.7 %,58 %,Very Good,Very Good,Very Good,3.87x3.91x2.44 mm,1.01,Sl. Thick - Thick,None,None,D112885584,$534
143,Round,0.30 ct.,F,SI2,Ideal,GIA,61.0 %,58 %,Excellent,Very Good,Good,4.27x4.23x2.59 mm,1.01,n/a,None,None,D113511803,$534
144,Round,0.30 ct.,E,SI2,Excellent,GIA,59.5 %,62 %,Excellent,Very Good,Excellent,4.39x4.33x2.59 mm,1.01,n/a,None,None,D113575707,$534
145,Round,0.25 ct.,I,VVS2,Very Good,GIA,58.7 %,62 %,Excellent,Very Good,Excellent,4.15x4.11x2.42 mm,1.01,n/a,None,None,D111993511,$535
146,Round,0.30 ct.,E,SI1,Very Good,GIA,58.4 %,62 %,Excellent,Very Good,Very Good,4.43x4.37x2.57 mm,1.01,n/a,None,Strong,D112185528,$535
147,Round,0.31 ct.,G,SI2,Good,GIA,58.1 %,62 %,Good,Good,Very Good,4.46x4.51x2.61 mm,1.01,V. Thin - Thin,Small,None,D112684317,$535
148,Round,0.37 ct.,J,VS2,Very Good,GIA,64.7 %,56 %,Excellent,Very Good,Very Good,4.45x4.51x2.9 mm,1.01,n/a,n/a,None,D112881542,$535
149,Round,0.37 ct.,J,VS2,Very Good,GIA,64.8 %,55 %,Very Good,Very Good,Very Good,4.43x4.48x2.89 mm,1.01,n/a,n/a,Faint,D112883524,$535
150,Round,0.29 ct.,F,SI1,Excellent,GIA,59.6 %,60 %,Very Good,Very Good,Very Good,4.31x4.33x2.58 mm,1.00,Thin - Thick,None,None,D113169700,$535
151,Round,0.30 ct.,E,SI1,Excellent,GIA,62.6 %,60 %,Very Good,Very Good,Good,4.17x4.21x2.62 mm,1.01,n/a,n/a,Medium,D113794541,$535
152,Round,0.41 ct.,J,SI2,Ideal,GIA,61.9 %,55 %,Very Good,Very Good,Excellent,4.77x4.74x2.94 mm,1.01,Thin - Sl. Thick,None,Faint,D112110032,$537
153,Round,0.30 ct.,I,VS1,Very Good,GIA,66.6 %,58 %,Very Good,Very Good,Good,4.05x4.12x2.72 mm,1.02,Thick - V. Thick,None,Faint,D113090128,$537
154,Round,0.34 ct.,J,VVS2,Excellent,GIA,62.9 %,61 %,Excellent,Very Good,Very Good,4.36x4.39x2.75 mm,1.01,Sl. Thick - Thick,None,Strong,D113490102,$537
155,Round,0.29 ct.,D,SI1,Very Good,GIA,64.0 %,60 %,Very Good,Good,Very Good,4.16x4.22x2.68 mm,1.01,Sl. Thick - Thick,None,None,D113595777,$537
156,Round,0.40 ct.,I,SI2,Very Good,GIA,64.7 %,58 %,Excellent,Very Good,Very Good,4.6x4.65x2.99 mm,1.01,Sl. Thick - Thick,None,None,D113657594,$537
157,Round,0.23 ct.,F,VVS2,Ideal,GIA,61.9 %,60 %,Excellent,Very Good,Excellent,3.96x3.94x2.44 mm,1.01,n/a,None,None,D111984372,$538
158,Round,0.30 ct.,F,SI2,Ideal,GIA,60.2 %,61 %,Excellent,Excellent,Excellent,4.33x4.35x2.61 mm,1.00,n/a,None,Faint,D113090781,$538
159,Round,0.30 ct.,F,SI2,Excellent,GIA,60.2 %,61 %,Excellent,Very Good,Good,4.33x4.28x2.59 mm,1.01,n/a,n/a,None,D113572333,$538
160,Round,0.30 ct.,I,VS1,Excellent,GIA,63.7 %,59 %,Excellent,Good,Very Good,4.16x4.20x2.66 mm,1.01,Medium - Thick,None,None,D113630948,$538
161,Round,0.36 ct.,J,VS2,Excellent,GIA,59.2 %,62 %,Excellent,Excellent,Excellent,4.69x4.71x2.78 mm,1.00,n/a,None,Faint,D111983163,$539
162,Round,0.40 ct.,K,SI1,Excellent,GIA,63.6 %,55 %,Very Good,Very Good,Very Good,4.6x4.67x2.95 mm,1.02,Medium - Thick,None,Faint,D112029687,$539
163,Round,0.30 ct.,I,VS2,Ideal,GIA,62.4 %,57 %,Excellent,Good,Very Good,4.23x4.29x2.66 mm,1.01,n/a,None,Faint,D112188206,$539
164,Round,0.30 ct.,E,SI2,Excellent,GIA,61.4 %,58 %,Very Good,Good,Very Good,4.27x4.31x2.64 mm,1.01,Medium - Thick,None,None,D112432173,$539
165,Round,0.30 ct.,H,SI1,Excellent,GIA,63.8 %,56 %,Very Good,Very Good,Very Good,4.19x4.21x2.68 mm,1.00,Sl. Thick - Thick,None,Faint,D113090424,$539
166,Round,0.30 ct.,E,SI2,Very Good,GIA,65.2 %,57 %,Excellent,Excellent,Good,4.16x4.17x2.71 mm,1.00,V. Thin - Thick,None,Faint,D113099676,$539
167,Round,0.30 ct.,F,SI1,Ideal,GIA,63.1 %,57 %,Excellent,Very Good,Excellent,4.22x4.28x2.68 mm,1.01,n/a,None,Faint,D113467390,$539
168,Round,0.36 ct.,K,VVS2,Very Good,GIA,64.6 %,56 %,Very Good,Very Good,Very Good,4.42x4.47x2.87 mm,1.01,Sl. Thick - Thick,None,Strong,D113490149,$539
169,Round,0.30 ct.,F,SI1,Good,GIA,56.8 %,62 %,Good,Good,Very Good,4.40x4.47x2.52 mm,1.02,Thin - Sl. Thick,n/a,None,D113704536,$539
170,Round,0.36 ct.,J,VVS1,Very Good,GIA,64.2 %,58 %,Very Good,Very Good,Good,4.46x4.43x2.85 mm,1.01,Thick,None,Strong,D112029209,$541
171,Round,0.30 ct.,G,SI2,Ideal,GIA,61.9 %,60 %,Excellent,Excellent,Very Good,4.28x4.24x2.64 mm,1.01,n/a,None,None,D113238677,$541
172,Round,0.40 ct.,K,VS2,Very Good,GIA,65.0 %,56 %,Excellent,Very Good,Good,4.51x4.57x2.95 mm,1.01,Thick - V. Thick,None,Faint,D113618840,$541
173,Round,0.30 ct.,G,SI1,Good,GIA,58.9 %,62 %,Very Good,Good,Good,4.31x4.34x2.55 mm,1.01,Sl. Thick - Thick,None,Medium,D113840678,$541
174,Round,0.30 ct.,G,SI2,Excellent,GIA,61.6 %,61 %,Excellent,Excellent,Good,4.22x4.25x2.61 mm,1.01,n/a,n/a,None,D113842921,$541
175,Round,0.23 ct.,G,VVS1,Ideal,GIA,60.3 %,62 %,Excellent,Excellent,Excellent,3.97x3.94x2.39 mm,1.01,n/a,None,None,D13233545,$542
176,Round,0.23 ct.,F,VS1,Ideal,GIA,59.7 %,61 %,Excellent,Excellent,Excellent,4.02x3.99x2.39 mm,1.01,Thin - Sl. Thick,None,None,D13234771,$542
177,Round,0.37 ct.,K,VS2,Excellent,GIA,64.2 %,59 %,Excellent,Excellent,Very Good,4.46x4.49x2.87 mm,1.01,n/a,n/a,Faint,D112884101,$542
178,Round,0.30 ct.,F,SI1,Very Good,GIA,60.3 %,61 %,Very Good,Very Good,Good,4.29x4.31x2.59 mm,1.00,Sl. Thick,None,Faint,D113004654,$542
179,Round,0.35 ct.,F,SI2,Ideal,GIA,59.7 %,61 %,Excellent,Excellent,Excellent,4.60x4.61x2.75 mm,1.00,Medium - Sl. Thick,None,None,D113588568,$542
180,Round,0.30 ct.,I,VS2,Excellent,GIA,63.8 %,57 %,Very Good,Very Good,Very Good,4.19x4.21x2.68 mm,1.00,Sl. Thick - Thick,None,None,D113655198,$542
181,Round,0.32 ct.,E,SI2,Very Good,GIA,61.1 %,61 %,Very Good,Good,Very Good,4.36x4.39x2.67 mm,1.01,Sl. Thick - Thick,None,None,D112196980,$544
182,Round,0.40 ct.,K,VVS2,Good,GIA,66.4 %,61 %,Very Good,Very Good,Fair,4.47x4.54x2.99 mm,1.02,Sl. Thick - V. Thick,None,Medium,D112882724,$544
183,Round,0.30 ct.,G,SI1,Very Good,GIA,66.6 %,55 %,Excellent,Very Good,Good,4.09x4.13x2.74 mm,1.01,Sl. Thick - V. Thick,None,Strong,D113090296,$544
184,Round,0.30 ct.,J,VVS2,Ideal,GIA,61.0 %,61 %,Excellent,Excellent,Excellent,4.33x4.3x2.63 mm,1.01,n/a,n/a,Faint,D113423687,$544
185,Round,0.30 ct.,G,SI1,Excellent,GIA,63.8 %,56 %,Excellent,Very Good,Very Good,4.2x4.25x2.69 mm,1.01,n/a,n/a,None,D113648880,$544
186,Round,0.40 ct.,I,SI2,Very Good,GIA,64.8 %,60 %,Excellent,Excellent,Good,4.55x4.57x2.95 mm,1.00,Thick - V. Thick,None,Faint,D112109872,$545
187,Round,0.40 ct.,K,VS1,Very Good,GIA,66.7 %,55 %,Excellent,Good,Good,4.46x4.53x3 mm,1.02,Medium - V. Thick,None,Faint,D112375814,$545
188,Round,0.23 ct.,F,VS1,Ideal,GIA,62.9 %,59 %,Excellent,Very Good,Very Good,3.89x3.87x2.44 mm,1.01,Medium - Thick,None,None,D112885786,$545
189,Round,0.30 ct.,E,SI1,Very Good,GIA,66.1 %,56 %,Excellent,Very Good,Good,4.1x4.13x2.72 mm,1.01,V. Thick,None,Strong,D113143912,$545
190,Round,0.30 ct.,E,SI1,Excellent,GIA,63.5 %,56 %,Very Good,Good,Very Good,4.20x4.26x2.69 mm,1.01,Medium - Sl. Thick,None,None,D113787090,$545
191,Round,0.40 ct.,K,SI2,Excellent,GIA,60.6 %,62 %,Very Good,Excellent,Excellent,4.75x4.76x2.88 mm,1.00,n/a,None,None,D111940055,$546
192,Round,0.30 ct.,J,SI2,Excellent,GIA,63.6 %,54 %,Very Good,Very Good,Very Good,4.25x4.22x2.70 mm,1.01,n/a,None,Faint,D112152458,$546
193,Round,0.31 ct.,E,SI2,Excellent,GIA,64.0 %,57 %,Excellent,Very Good,Very Good,4.23x4.25x2.72 mm,1.00,Thin - Thick,None,Strong,D112880775,$546
194,Round,0.38 ct.,J,SI2,Ideal,GIA,63.0 %,57 %,Very Good,Very Good,Very Good,4.51x4.58x2.86 mm,1.02,Thick,None,None,D112952939,$546
195,Round,0.40 ct.,K,SI2,Excellent,GIA,64.1 %,56 %,Excellent,Excellent,Very Good,4.63x4.65x2.97 mm,1.00,Sl. Thick - Thick,None,None,D113028348,$546
196,Round,0.40 ct.,J,SI1,Very Good,GIA,63.6 %,55 %,Good,Good,Very Good,4.59x4.69x2.95 mm,1.02,Medium - Thick,None,Faint,D113534394,$546
197,Round,0.30 ct.,I,VVS1,Excellent,GIA,58.9 %,61 %,Excellent,Excellent,Excellent,4.42x4.39x2.59 mm,1.01,n/a,None,Medium,D112110232,$548
198,Round,0.30 ct.,I,VS2,Very Good,GIA,64.8 %,57 %,Excellent,Very Good,Very Good,4.20x4.15x2.71 mm,1.01,Medium - Thick,None,Faint,D112110916,$548
199,Round,0.30 ct.,I,VS1,Very Good,GIA,59.4 %,63 %,Excellent,Excellent,Very Good,4.39x4.37x2.60 mm,1.00,n/a,None,Strong,D112185183,$548
200,Round,0.30 ct.,J,VS1,Very Good,GIA,61.5 %,63 %,Excellent,Very Good,Very Good,4.24x4.27x2.62 mm,1.01,Thick,None,Faint,D112912834,$548
201,Round,0.30 ct.,K,VVS2,Excellent,GIA,62.3 %,62 %,Excellent,Excellent,Very Good,4.25x4.28x2.66 mm,1.01,Sl. Thick - Thick,None,Faint,D113210000,$548
202,Round,0.30 ct.,F,SI1,Good,GIA,63.5 %,62 %,Very Good,Good,Good,4.17x4.20x2.66 mm,1.01,Medium - V. Thick,n/a,Medium,D113489996,$548
203,Round,0.30 ct.,K,IF,Ideal,GIA,58.5 %,60 %,Excellent,Excellent,Excellent,4.38x4.41x2.57 mm,1.01,n/a,None,None,D111953171,$549
204,Round,0.24 ct.,J,VVS1,Ideal,GIA,59.4 %,60 %,Excellent,Excellent,Excellent,4.10x4.08x2.43 mm,1.00,n/a,None,Medium,D112187588,$549
205,Round,0.30 ct.,E,SI1,Very Good,GIA,64.4 %,52 %,Excellent,Excellent,Good,4.21x4.23x2.72 mm,1.00,Thin - Sl. Thick,None,Medium,D112821447,$549
206,Round,0.40 ct.,K,VS2,Very Good,GIA,65.4 %,58 %,Excellent,Very Good,Good,4.58x4.6x3 mm,1.00,Sl. Thick - Thick,None,Medium,D113088833,$549
207,Round,0.30 ct.,H,SI1,Excellent,GIA,61.6 %,60 %,Very Good,Very Good,Very Good,4.22x4.28x2.62 mm,1.01,n/a,n/a,None,D113657438,$549
208,Round,0.30 ct.,F,SI2,Ideal,GIA,60.9 %,60 %,Very Good,Excellent,Excellent,4.31x4.33x2.63 mm,1.00,Thin - Sl. Thick,None,Faint,D113847812,$549
209,Round,0.35 ct.,J,SI1,Excellent,GIA,64.0 %,57 %,Excellent,Very Good,Very Good,4.47x4.41x2.84 mm,1.01,Sl. Thick - Thick,None,Faint,D112196819,$551
210,Round,0.35 ct.,H,SI2,Ideal,GIA,59.9 %,58 %,Very Good,Very Good,Excellent,4.59x4.63x2.76 mm,1.01,n/a,n/a,None,D113460528,$551
211,Round,0.41 ct.,J,VS2,Excellent,GIA,64.4 %,57 %,Excellent,Very Good,Very Good,4.68x4.66x3.01 mm,1.00,Sl. Thick - Thick,None,None,D112885307,$552
212,Round,0.31 ct.,I,VS1,Excellent,GIA,59.7 %,62 %,Very Good,Excellent,Excellent,4.37x4.4x2.62 mm,1.01,n/a,None,Strong,D113262019,$552
213,Round,0.30 ct.,E,SI1,Good,GIA,62.7 %,63 %,Good,Good,Very Good,4.21x4.25x2.65 mm,1.01,Medium - Thick,None,None,D113849466,$552
214,Round,0.27 ct.,F,SI2,Ideal,GIA,60.9 %,61 %,Excellent,Excellent,Excellent,4.22x4.20x2.56 mm,1.00,Thin - Sl. Thick,None,None,D111984033,$553
215,Round,0.34 ct.,K,IF,Excellent,GIA,60.9 %,62 %,Excellent,Excellent,Very Good,4.49x4.52x2.75 mm,1.01,n/a,None,None,D112738628,$553
216,Round,0.36 ct.,J,SI2,Excellent,GIA,64.0 %,58 %,Excellent,Very Good,Very Good,4.42x4.46x2.84 mm,1.01,n/a,n/a,None,D112810558,$553
217,Round,0.40 ct.,K,VS2,Good,GIA,64.9 %,56 %,Very Good,Good,Good,4.53x4.56x2.95 mm,1.01,Sl. Thick - V. Thick,None,Faint,D112882733,$553
218,Round,0.30 ct.,F,SI2,Very Good,GIA,59.1 %,61 %,Very Good,Very Good,Very Good,4.35x4.37x2.57 mm,1.00,Sl. Thick,None,None,D113091297,$553
219,Round,0.30 ct.,H,SI1,Ideal,GIA,63.7 %,55 %,Excellent,Excellent,Very Good,4.21x4.23x2.69 mm,1.00,Sl. Thick - Thick,n/a,None,D113227249,$553
220,Round,0.30 ct.,E,SI2,Ideal,GIA,60.3 %,62 %,Excellent,Excellent,Excellent,4.34x4.36x2.62 mm,1.00,Thin - Medium,None,None,D113589440,$553
221,Round,0.30 ct.,I,SI1,Excellent,GIA,64.1 %,58 %,Excellent,Excellent,Very Good,4.15x4.19x2.67 mm,1.01,n/a,n/a,None,D113842983,$553
222,Round,0.40 ct.,I,SI2,Very Good,GIA,61.6 %,61 %,Very Good,Good,Very Good,4.73x4.69x2.90 mm,1.01,Medium - Thick,None,None,D111980694,$555
223,Round,0.40 ct.,K,SI2,Ideal,GIA,63.3 %,54 %,Excellent,Excellent,Very Good,4.65x4.68x2.96 mm,1.01,n/a,None,Medium,D112744962,$555
224,Round,0.32 ct.,G,SI2,Excellent,GIA,60.4 %,59 %,Good,Very Good,Very Good,4.38x4.4x2.66 mm,1.00,Sl. Thick - Thick,None,None,D113006367,$555
225,Round,0.40 ct.,K,VS2,Ideal,GIA,63.3 %,56 %,Excellent,Very Good,Excellent,4.72x4.65x2.97 mm,1.02,Thin - Sl. Thick,None,Faint,D113207866,$555
226,Round,0.40 ct.,I,SI2,Excellent,GIA,63.5 %,56 %,Very Good,Very Good,Very Good,4.62x4.66x2.95 mm,1.01,n/a,None,None,D113290089,$555
227,Round,0.30 ct.,G,SI2,Ideal,GIA,59.4 %,60 %,Excellent,Excellent,Excellent,4.33x4.37x2.59 mm,1.01,n/a,n/a,None,D113529204,$555
228,Round,0.30 ct.,D,SI2,Very Good,GIA,59.1 %,62 %,Excellent,Very Good,Very Good,4.36x4.33x2.57 mm,1.01,n/a,None,None,D113590530,$555
229,Round,0.30 ct.,J,VS1,Very Good,GIA,65.1 %,56 %,Excellent,Very Good,Good,4.12x4.17x2.7 mm,1.01,n/a,n/a,None,D113844249,$555
230,Round,0.40 ct.,K,SI1,Ideal,GIA,61.9 %,60 %,Excellent,Excellent,Very Good,4.76x4.74x2.94 mm,1.00,Medium,None,Faint,D111983555,$556
231,Round,0.40 ct.,K,SI1,Excellent,GIA,64.5 %,57 %,Excellent,Very Good,Very Good,4.61x4.60x2.97 mm,1.00,Sl. Thick - Thick,None,None,D112110917,$556
232,Round,0.40 ct.,K,SI2,Ideal,GIA,60.3 %,60 %,Excellent,Very Good,Excellent,4.78x4.8x2.89 mm,1.00,n/a,None,None,D112146010,$556
233,Round,0.30 ct.,E,SI2,Very Good,GIA,64.3 %,55 %,Very Good,Good,Very Good,4.17x4.23x2.7 mm,1.01,V. Thin - Thick,None,None,D112881327,$556
234,Round,0.30 ct.,D,SI2,Ideal,GIA,63.2 %,56 %,Excellent,Very Good,Very Good,4.21x4.25x2.67 mm,1.01,Sl. Thick - Thick,None,Faint,D112886109,$556
235,Round,0.30 ct.,D,SI2,Ideal,GIA,59.8 %,60 %,Excellent,Very Good,Very Good,4.31x4.33x2.59 mm,1.00,Sl. Thick - Thick,None,None,D113032142,$556
236,Round,0.30 ct.,E,SI2,Ideal,GIA,61.2 %,56 %,Excellent,Very Good,Very Good,4.28x4.31x2.63 mm,1.01,Medium - Thick,None,Faint,D113581936,$556
237,Round,0.30 ct.,E,SI2,Very Good,GIA,64.2 %,56 %,Very Good,Good,Good,4.15x4.18x2.68 mm,1.01,Sl. Thick - V. Thick,n/a,None,D113594117,$556
238,Round,0.30 ct.,J,VVS2,Ideal,GIA,60.9 %,61 %,Excellent,Excellent,Excellent,4.33x4.30x2.63 mm,1.01,n/a,None,Medium,D113638296,$556
239,Round,0.30 ct.,E,SI2,Very Good,GIA,61.8 %,61 %,Very Good,Good,Very Good,4.27x4.24x2.63 mm,1.01,Sl. Thick - Thick,None,None,D113653333,$556
240,Round,0.29 ct.,J,VS2,Ideal,GIA,61.1 %,57 %,Very Good,Very Good,Excellent,4.34x4.31x2.64 mm,1.01,Thin - Sl. Thick,None,None,D111964250,$558
241,Round,0.26 ct.,F,VVS2,Good,GIA,61.3 %,63 %,Good,Good,Good,4.07x4.12x2.51 mm,1.01,Medium - Sl. Thick,None,None,D112614111,$558
242,Round,0.40 ct.,J,SI2,Good,GIA,65.8 %,62 %,Excellent,Very Good,Good,4.51x4.58x2.99 mm,1.02,Thin - V. Thick,None,Faint,D112744042,$558
243,Round,0.30 ct.,I,VS2,Very Good,GIA,60.0 %,62 %,Excellent,Good,Very Good,4.27x4.34x2.59 mm,1.02,Thin - Thick,None,None,D113840611,$558
244,Round,0.23 ct.,E,IF,Excellent,GIA,59.4 %,60 %,Excellent,Very Good,Very Good,3.98x3.96x2.36 mm,1.01,n/a,None,None,D111957591,$559
245,Round,0.35 ct.,K,VVS2,Ideal,GIA,62.9 %,57 %,Very Good,Very Good,Very Good,4.48x4.47x2.81 mm,1.00,Sl. Thick,None,Strong,D112196822,$559
246,Round,0.40 ct.,J,SI2,Very Good,GIA,64.6 %,56 %,Excellent,Excellent,Good,4.64x4.64x3 mm,1.00,Sl. Thick,None,None,D113088763,$559
247,Round,0.33 ct.,J,VS2,Ideal,GIA,61.9 %,61 %,Excellent,Excellent,Excellent,4.44x4.42x2.74 mm,1.00,Sl. Thick,None,None,D113575705,$559
248,Round,0.23 ct.,D,VVS2,Ideal,GIA,59.9 %,59 %,Very Good,Very Good,Excellent,3.97x2.38x3.99 mm,1.67,Medium,None,None,D113692867,$559
249,Round,0.30 ct.,H,SI1,Very Good,GIA,65.7 %,59 %,Excellent,Excellent,Good,4.16x4.13x2.72 mm,1.01,Thick - V. Thick,None,Faint,D112109943,$560
250,Round,0.40 ct.,K,VS1,Excellent,GIA,59.3 %,61 %,Excellent,Excellent,Good,4.77x4.81x2.84 mm,1.01,n/a,None,Faint,D112743442,$560
251,Round,0.29 ct.,J,VVS1,Excellent,GIA,64.1 %,56 %,Excellent,Very Good,Very Good,4.16x4.2x2.68 mm,1.01,Sl. Thick - Thick,None,Faint,D112883516,$560
252,Round,0.31 ct.,E,SI2,Excellent,GIA,63.8 %,57 %,Very Good,Very Good,Very Good,4.32x4.25x2.74 mm,1.02,Medium - Thick,None,None,D113132144,$560
253,Round,0.29 ct.,J,VVS1,Ideal,GIA,62.8 %,61 %,Excellent,Excellent,Very Good,4.19x4.22x2.64 mm,1.01,Sl. Thick - Thick,None,Faint,D113204778,$560
254,Round,0.30 ct.,D,SI2,Ideal,GIA,62.2 %,60 %,Very Good,Excellent,Very Good,4.23x4.25x2.64 mm,1.00,Thin - Thick,None,Faint,D113231021,$560
255,Round,0.30 ct.,H,SI1,Excellent,GIA,63.9 %,56 %,Excellent,Very Good,Very Good,4.19x4.21x2.68 mm,1.00,Sl. Thick - Thick,None,Faint,D113357353,$560
256,Round,0.40 ct.,J,SI2,Ideal,GIA,61.3 %,61 %,Excellent,Excellent,Excellent,4.71x4.74x2.9 mm,1.01,n/a,None,Medium,D113567314,$560
257,Round,0.30 ct.,E,SI2,Very Good,GIA,65.1 %,57 %,Excellent,Excellent,Good,4.13x4.17x2.70 mm,1.01,Thick - V. Thick,n/a,None,D113594118,$560
258,Round,0.30 ct.,I,SI1,Ideal,GIA,63.1 %,56 %,Excellent,Very Good,Excellent,4.21x4.27x2.67 mm,1.01,n/a,n/a,Faint,D113843005,$560
259,Round,0.25 ct.,H,VS1,Excellent,GIA,59.0 %,62 %,Excellent,Excellent,Excellent,4.11x4.09x2.42 mm,1.00,n/a,n/a,None,D111984043,$562
260,Round,0.36 ct.,J,VVS2,Very Good,GIA,65.9 %,58 %,Excellent,Very Good,Good,4.41x4.34x2.88 mm,1.02,Thick - V. Thick,None,Strong,D111984967,$562
261,Round,0.40 ct.,J,SI2,Excellent,GIA,62.7 %,60 %,Very Good,Very Good,Very Good,4.65x4.67x2.93 mm,1.00,Medium - Thick,None,Faint,D112028784,$562
262,Round,0.40 ct.,K,SI2,Ideal,GIA,61.8 %,56 %,Excellent,Good,Very Good,4.74x4.68x2.91 mm,1.01,n/a,None,Faint,D112185494,$562
263,Round,0.40 ct.,K,SI2,Very Good,GIA,64.3 %,58 %,Very Good,Very Good,Very Good,4.65x4.60x2.97 mm,1.01,Sl. Thick - Thick,None,None,D112199982,$562
264,Round,0.40 ct.,J,SI2,Very Good,GIA,66.2 %,58 %,Excellent,Very Good,Good,4.49x4.57x3 mm,1.02,Sl. Thick - V. Thick,None,None,D112382865,$562
265,Round,0.34 ct.,E,SI2,Good,GIA,66.1 %,60 %,Very Good,Very Good,Good,4.24x4.28x2.82 mm,1.01,Thick - V. Thick,None,Medium,D112880779,$562
266,Round,0.40 ct.,J,SI2,Very Good,GIA,59.6 %,61 %,Very Good,Good,Very Good,4.85x4.75x2.86 mm,1.02,n/a,None,Medium,D112882507,$562
267,Round,0.40 ct.,J,SI2,Good,GIA,64.3 %,55 %,Good,Good,Good,4.67x4.59x2.98 mm,1.02,Medium - V. Thick,None,None,D112882509,$562
268,Round,0.40 ct.,J,SI2,Very Good,GIA,60.6 %,63 %,Very Good,Very Good,Good,4.64x4.67x2.83 mm,1.01,Sl. Thick - V. Thick,None,None,D112882702,$562
269,Round,0.40 ct.,J,SI2,Good,GIA,64.9 %,56 %,Very Good,Good,Good,4.57x4.61x2.98 mm,1.01,Thin - V. Thick,None,None,D113253510,$562
270,Round,0.30 ct.,E,SI1,Very Good,GIA,65.3 %,59 %,Excellent,Very Good,Good,4.13x4.18x2.71 mm,1.01,Thick - V. Thick,n/a,Medium,D113611461,$562
271,Round,0.40 ct.,K,VVS2,Good,GIA,66.9 %,58 %,Very Good,Good,Fair,4.53x4.54x3.03 mm,1.00,Thick - V. Thick,None,None,D112882723,$563
272,Round,0.30 ct.,E,SI2,Excellent,GIA,63.9 %,56 %,Very Good,Very Good,Very Good,4.24x4.21x2.70 mm,1.01,Medium - Thick,n/a,None,D113232829,$563
273,Round,0.30 ct.,I,VS1,Very Good,GIA,63.2 %,62 %,Excellent,Very Good,Very Good,4.17x4.21x2.65 mm,1.01,n/a,None,None,D113453208,$563
274,Round,0.33 ct.,I,SI1,Ideal,GIA,58.8 %,60 %,Excellent,Excellent,Excellent,4.54x4.56x2.68 mm,1.00,Medium,None,None,D113631073,$563
275,Round,0.25 ct.,H,VVS1,Excellent,GIA,59.3 %,62 %,Excellent,Excellent,Excellent,4.12x4.14x2.45 mm,1.00,n/a,None,Strong,D111983137,$565
276,Round,0.37 ct.,G,SI2,Excellent,GIA,63.5 %,60 %,Very Good,Very Good,Very Good,4.54x4.52x2.87 mm,1.00,Thin - Thick,None,None,D112112711,$565
277,Round,0.24 ct.,D,VS2,Ideal,GIA,59.3 %,60 %,Excellent,Very Good,Excellent,4.10x4.08x2.43 mm,1.00,n/a,None,Faint,D112185530,$565
278,Round,0.30 ct.,F,SI2,Ideal,GIA,61.7 %,58 %,Very Good,Very Good,Very Good,4.28x4.31x2.65 mm,1.01,Sl. Thick - Thick,None,None,D112369697,$565
279,Round,0.30 ct.,E,SI2,Very Good,GIA,63.9 %,57 %,Good,Very Good,Very Good,4.27x4.29x2.73 mm,1.00,Medium - Thick,None,None,D112865787,$565
280,Round,0.36 ct.,K,VVS2,Very Good,GIA,64.6 %,57 %,Excellent,Very Good,Very Good,4.4x4.45x2.86 mm,1.01,Sl. Thick - Thick,None,None,D112952946,$565
281,Round,0.30 ct.,D,SI2,Excellent,GIA,59.3 %,61 %,Excellent,Excellent,Very Good,4.35x4.36x2.58 mm,1.00,n/a,None,Faint,D113090989,$565
282,Round,0.30 ct.,G,SI1,Excellent,GIA,63.5 %,57 %,Very Good,Very Good,Very Good,4.23x4.26x2.69 mm,1.01,n/a,None,None,D113656027,$565
283,Round,0.30 ct.,D,SI2,Very Good,GIA,65.0 %,56 %,Excellent,Very Good,Good,4.09x4.14x2.68 mm,1.01,n/a,n/a,None,D113706789,$565
284,Round,0.30 ct.,E,SI2,Very Good,GIA,59.2 %,61 %,Very Good,Very Good,Very Good,4.37x4.39x2.59 mm,1.00,Medium - Sl. Thick,None,None,D113847808,$565
285,Round,0.24 ct.,G,VVS2,Excellent,GIA,58.6 %,61 %,Excellent,Excellent,Excellent,4.09x4.07x2.39 mm,1.00,Medium,None,None,D112185190,$566
286,Round,0.30 ct.,H,SI1,Good,GIA,56.8 %,64 %,Excellent,Very Good,Very Good,4.4x4.45x2.51 mm,1.01,n/a,n/a,None,D113231987,$566
287,Round,0.36 ct.,J,VVS2,Excellent,GIA,63.4 %,60 %,Excellent,Very Good,Very Good,4.46x4.48x2.83 mm,1.00,n/a,n/a,None,D112319519,$567
288,Round,0.30 ct.,D,SI1,Good,GIA,70.9 %,53 %,Excellent,Very Good,Fair,3.97x4.02x2.83 mm,1.01,n/a,None,None,D112670161,$567
289,Round,0.41 ct.,K,SI1,Excellent,GIA,63.7 %,56 %,Excellent,Very Good,Very Good,4.65x4.66x2.97 mm,1.00,Sl. Thick - Thick,None,Faint,D112906263,$567
290,Round,0.29 ct.,G,VS1,Very Good,GIA,63.9 %,54 %,Good,Good,Good,4.16x4.22x2.68 mm,1.01,Sl. Thick - V. Thick,None,None,D113126345,$567
291,Round,0.30 ct.,D,SI1,Very Good,GIA,69.1 %,54 %,Excellent,Very Good,Fair,4.04x4.02x2.79 mm,1.00,Sl. Thick - V. Thick,None,None,D113241261,$567
292,Round,0.40 ct.,J,SI2,Excellent,GIA,64.5 %,58 %,Excellent,Very Good,Very Good,4.59x4.63x2.98 mm,1.01,Thin - Thick,None,Faint,D113566434,$567
293,Round,0.30 ct.,I,VS2,Ideal,GIA,59.0 %,61 %,Excellent,Excellent,Excellent,4.38x4.35x2.57 mm,1.01,n/a,n/a,None,D113696852,$567
294,Round,0.33 ct.,J,VS1,Excellent,GIA,64.2 %,57 %,Excellent,Excellent,Very Good,4.4x4.38x2.82 mm,1.00,n/a,None,None,D112100624,$569
295,Round,0.23 ct.,D,VS1,Ideal,GIA,59.0 %,61 %,Excellent,Excellent,Excellent,4.00x3.99x2.36 mm,1.00,n/a,None,None,D112185841,$569
296,Round,0.40 ct.,K,VS1,Very Good,GIA,66.1 %,59 %,Excellent,Very Good,Good,4.56x4.53x3.01 mm,1.01,Medium - V. Thick,None,Faint,D112321851,$569
297,Round,0.37 ct.,G,SI2,Excellent,GIA,63.4 %,59 %,Very Good,Very Good,Good,4.51x4.54x2.87 mm,1.01,Sl. Thick - Thick,None,Faint,D112746127,$569
298,Round,0.30 ct.,E,SI2,Very Good,GIA,58.9 %,62 %,Excellent,Excellent,Very Good,4.38x4.4x2.58 mm,1.00,n/a,None,None,D112797637,$569
299,Round,0.36 ct.,J,VS1,Very Good,GIA,64.1 %,55 %,Very Good,Very Good,Very Good,4.49x4.45x2.86 mm,1.01,Thin - Thick,None,None,D112883592,$569
300,Round,0.24 ct.,F,VS1,Excellent,GIA,60.5 %,61 %,Very Good,Excellent,Very Good,3.95x3.99x2.4 mm,1.01,Sl. Thick - Thick,None,None,D112885785,$569
301,Round,0.30 ct.,K,IF,Ideal,GIA,60.1 %,59 %,Excellent,Excellent,Good,4.36x4.34x2.62 mm,1.00,n/a,n/a,None,D113361751,$569
302,Round,0.40 ct.,J,SI2,Excellent,GIA,63.7 %,58 %,Very Good,Excellent,Very Good,4.64x4.69x2.97 mm,1.01,Sl. Thick - Thick,None,Medium,D113566558,$569
303,Round,0.35 ct.,I,VS2,Ideal,GIA,59.9 %,61 %,Excellent,Excellent,Excellent,4.57x4.58x2.74 mm,1.00,Medium - Sl. Thick,None,Faint,D113588577,$569
304,Round,0.30 ct.,G,SI1,Good,GIA,64.6 %,63 %,Very Good,Very Good,Good,4.15x4.17x2.69 mm,1.00,V. Thick,n/a,Faint,D113594184,$569
305,Round,0.30 ct.,G,SI1,Very Good,GIA,59.6 %,67 %,Excellent,Very Good,Good,4.28x4.22x2.53 mm,1.01,Thick - V. Thick,n/a,None,D113659445,$569
306,Round,0.30 ct.,J,VS2,Excellent,GIA,63.8 %,60 %,Excellent,Very Good,Very Good,4.15x4.22x2.67 mm,1.02,n/a,n/a,None,D113741743,$569
307,Round,0.23 ct.,E,VVS1,Excellent,GIA,59.3 %,62 %,Very Good,Excellent,Excellent,4.04x4.01x2.39 mm,1.01,n/a,None,None,D113361517,$570
308,Round,0.36 ct.,J,VVS2,Excellent,GIA,63.7 %,56 %,Very Good,Very Good,Very Good,4.45x4.44x2.83 mm,1.00,Sl. Thick - Thick,None,Faint,D111984962,$572
309,Round,0.30 ct.,G,SI1,Ideal,GIA,62.3 %,55 %,Excellent,Good,Very Good,4.24x4.34x2.68 mm,1.02,Thin - Thick,None,Faint,D112037316,$572
310,Round,0.40 ct.,J,SI2,Excellent,GIA,59.0 %,54 %,Very Good,Very Good,Good,4.84x4.82x2.85 mm,1.00,n/a,None,None,D112184972,$572
311,Round,0.30 ct.,D,SI2,Ideal,GIA,59.1 %,60 %,Excellent,Very Good,Excellent,4.42x4.36x2.59 mm,1.01,Thin - Sl. Thick,None,None,D112800644,$572
312,Round,0.30 ct.,E,SI2,Ideal,GIA,61.8 %,59 %,Very Good,Excellent,Very Good,4.28x4.31x2.66 mm,1.01,Medium - Thick,None,None,D112880208,$572
313,Round,0.40 ct.,J,SI2,Very Good,GIA,64.4 %,59 %,Very Good,Very Good,Very Good,4.63x4.67x2.99 mm,1.01,Medium - Thick,None,Medium,D112882506,$572
314,Round,0.40 ct.,K,VS2,Very Good,GIA,64.8 %,55 %,Excellent,Very Good,Very Good,4.54x4.61x2.97 mm,1.02,Sl. Thick - Thick,None,Faint,D113145844,$572
315,Round,0.41 ct.,K,SI1,Ideal,GIA,63.7 %,58 %,Excellent,Excellent,Very Good,4.65x4.68x2.97 mm,1.01,Sl. Thick - Thick,n/a,Medium,D113227365,$572
316,Round,0.30 ct.,E,SI2,Very Good,GIA,58.7 %,61 %,Excellent,Good,Very Good,4.19x4.22x2.69 mm,1.01,n/a,n/a,None,D113335103,$572
317,Round,0.30 ct.,E,SI2,Excellent,GIA,60.3 %,58 %,Good,Very Good,Very Good,4.35x4.36x2.62 mm,1.00,n/a,n/a,None,D113341510,$572
318,Round,0.30 ct.,E,SI2,Very Good,GIA,59.2 %,64 %,Very Good,Excellent,Very Good,4.39x4.41x2.61 mm,1.00,Medium,None,None,D113437218,$572
319,Round,0.40 ct.,K,VS2,Very Good,GIA,65.3 %,58 %,Excellent,Very Good,Very Good,4.63x4.57x3 mm,1.01,Medium - Thick,None,Faint,D113460801,$572
320,Round,0.31 ct.,E,SI2,Ideal,GIA,59.8 %,61 %,Excellent,Excellent,Excellent,4.37x4.38x2.62 mm,1.00,n/a,None,Medium,D113581935,$572
321,Round,0.30 ct.,I,VVS1,Good,GIA,64.9 %,60 %,Very Good,Good,Good,4.13x4.2x2.7 mm,1.02,n/a,n/a,Faint,D113657255,$572
322,Round,0.30 ct.,K,VS1,Very Good,GIA,64.9 %,57 %,Very Good,Very Good,Very Good,4.19x4.14x2.70 mm,1.01,Sl. Thick - Thick,None,None,D112110499,$573
323,Round,0.40 ct.,K,SI1,Excellent,GIA,63.7 %,54 %,Excellent,Very Good,Very Good,4.66x4.63x2.96 mm,1.01,Sl. Thick,None,None,D112321626,$573
324,Round,0.40 ct.,K,SI1,Excellent,GIA,64.3 %,56 %,Excellent,Excellent,Very Good,4.61x4.63x2.97 mm,1.00,Sl. Thick - Thick,None,None,D113039047,$573
325,Round,0.30 ct.,E,SI2,Ideal,GIA,60.5 %,60 %,Excellent,Very Good,Very Good,4.32x4.27x2.60 mm,1.01,Medium - Sl. Thick,None,None,D113262590,$573
326,Round,0.30 ct.,G,VS2,Good,GIA,56.2 %,66 %,Very Good,Very Good,Fair,4.4x4.39x2.47 mm,1.00,Medium - Thick,None,None,D113442143,$573
327,Round,0.40 ct.,J,SI1,Ideal,GIA,61.8 %,61 %,Excellent,Excellent,Very Good,4.71x4.73x2.92 mm,1.00,Sl. Thick - Thick,None,Medium,D113566579,$573
328,Round,0.30 ct.,G,VS2,Excellent,GIA,60.8 %,60 %,Very Good,Good,Very Good,4.28x4.34x2.62 mm,1.01,Medium - Thick,None,Faint,D113655161,$573
329,Round,0.30 ct.,G,SI1,Ideal,GIA,59.4 %,59 %,Excellent,Very Good,Very Good,4.33x4.36x2.58 mm,1.01,Thin - Thick,None,None,D113840663,$573
330,Round,0.41 ct.,J,SI2,Ideal,GIA,61.7 %,61 %,Very Good,Excellent,Excellent,4.76x4.72x2.92 mm,1.01,n/a,None,Faint,D111984645,$574
331,Round,0.41 ct.,K,SI2,Ideal,GIA,60.2 %,61 %,Excellent,Excellent,Excellent,4.80x4.79x2.89 mm,1.00,n/a,None,Faint,D112064316,$574
332,Round,0.41 ct.,K,VS2,Excellent,GIA,64.4 %,56 %,Excellent,Excellent,Very Good,4.65x4.61x2.99 mm,1.01,Thick,None,Faint,D112110382,$574
333,Round,0.33 ct.,F,SI2,Ideal,GIA,60.6 %,62 %,Excellent,Excellent,Excellent,4.44x4.43x2.69 mm,1.00,n/a,None,Faint,D112152447,$574
334,Round,0.40 ct.,J,SI2,Excellent,GIA,64.3 %,56 %,Excellent,Very Good,Very Good,4.57x4.62x2.96 mm,1.01,Thin - Thick,None,Medium,D112742255,$574
335,Round,0.40 ct.,I,SI2,Excellent,GIA,63.6 %,57 %,Very Good,Excellent,Very Good,4.62x4.66x2.95 mm,1.01,Thin - Thick,None,None,D113253508,$574
336,Round,0.40 ct.,K,SI1,Very Good,GIA,58.3 %,62 %,Excellent,Very Good,Very Good,4.82x4.86x2.82 mm,1.01,Thin - Medium,None,Strong,D113460172,$574
337,Round,0.30 ct.,J,VVS1,Ideal,GIA,61.1 %,61 %,Very Good,Excellent,Excellent,4.29x4.31x2.63 mm,1.00,n/a,None,Faint,D113563857,$574
338,Round,0.34 ct.,K,VVS1,Ideal,GIA,60.1 %,62 %,Excellent,Excellent,Excellent,4.52x4.54x2.72 mm,1.00,Medium - Sl. Thick,None,None,D113588802,$574
339,Round,0.40 ct.,K,VS1,Excellent,GIA,64.3 %,55 %,Excellent,Very Good,Very Good,4.56x4.62x2.95 mm,1.01,Medium - Thick,n/a,Faint,D113842151,$574
340,Round,0.27 ct.,J,VVS2,Ideal,GIA,60.8 %,61 %,Excellent,Excellent,Excellent,4.21x4.19x2.55 mm,1.00,n/a,None,None,D111984055,$576
341,Round,0.37 ct.,J,SI1,Very Good,GIA,64.0 %,54 %,Good,Very Good,Very Good,4.52x4.53x2.9 mm,1.00,n/a,n/a,Faint,D112880148,$576
342,Round,0.33 ct.,E,SI2,Very Good,GIA,64.3 %,57 %,Excellent,Very Good,Good,4.28x4.35x2.78 mm,1.02,Sl. Thick - Thick,None,None,D112880776,$576
343,Round,0.35 ct.,J,VVS2,Very Good,GIA,65.7 %,58 %,Very Good,Very Good,Good,4.32x4.37x2.86 mm,1.01,Thick - V. Thick,None,Medium,D112882293,$576
344,Round,0.40 ct.,K,VS2,Ideal,GIA,63.8 %,57 %,Excellent,Excellent,Very Good,4.6x4.62x2.94 mm,1.00,Medium - Thick,None,Medium,D113088931,$576
345,Round,0.30 ct.,D,SI2,Very Good,GIA,65.6 %,56 %,Very Good,Very Good,Good,4.15x4.17x2.73 mm,1.00,n/a,n/a,Faint,D113341498,$576
346,Round,0.30 ct.,G,SI1,Good,GIA,57.6 %,67 %,Excellent,Good,Good,4.3x4.35x2.49 mm,1.01,Sl. Thick - V. Thick,n/a,None,D113457698,$576
347,Round,0.33 ct.,G,SI1,Very Good,GIA,64.4 %,57 %,Very Good,Very Good,Very Good,4.31x4.35x2.78 mm,1.01,Medium - Thick,None,Strong,D113490018,$576
348,Round,0.30 ct.,J,VVS2,Ideal,GIA,61.1 %,62 %,Excellent,Excellent,Excellent,4.32x4.33x2.64 mm,1.00,n/a,None,Faint,D113567700,$576
349,Round,0.40 ct.,J,VS1,Very Good,GIA,65.4 %,56 %,Excellent,Good,Very Good,4.61x4.49x2.98 mm,1.03,Sl. Thick - Thick,None,Faint,D113647805,$576
350,Round,0.32 ct.,D,SI2,Ideal,GIA,60.6 %,60 %,Very Good,Excellent,Excellent,4.44x4.46x2.7 mm,1.00,n/a,None,Strong,D112882450,$577
351,Round,0.40 ct.,K,SI1,Ideal,GIA,62.7 %,55 %,Excellent,Good,Very Good,4.7x4.73x2.96 mm,1.01,Thin - Sl. Thick,None,None,D113122617,$577
352,Round,0.24 ct.,D,VS1,Ideal,GIA,62.3 %,58 %,Excellent,Excellent,Good,4.01x3.99x2.49 mm,1.01,n/a,n/a,Faint,D113400821,$577
353,Round,0.29 ct.,D,SI2,Excellent,GIA,58.8 %,61 %,Excellent,Excellent,Excellent,4.3x4.34x2.54 mm,1.01,n/a,None,None,D113611188,$577
354,Round,0.43 ct.,I,SI2,Ideal,GIA,59.0 %,61 %,Excellent,Excellent,Excellent,4.91x4.95x2.91 mm,1.01,n/a,None,Faint,D112062072,$579
355,Round,0.30 ct.,E,SI2,Ideal,GIA,62.2 %,59 %,Very Good,Very Good,Excellent,4.24x4.3x2.66 mm,1.01,Thin - Sl. Thick,None,None,D112865586,$579
356,Round,0.25 ct.,E,VS2,Ideal,GIA,62.5 %,58 %,Excellent,Excellent,Good,4.05x4.03x2.52 mm,1.00,n/a,n/a,None,D113239055,$579
357,Round,0.40 ct.,K,VS2,Good,GIA,66.1 %,59 %,Very Good,Good,Good,4.52x4.48x2.98 mm,1.01,Sl. Thick - V. Thick,None,None,D112110685,$580
358,Round,0.40 ct.,K,VS2,Excellent,GIA,63.3 %,56 %,Very Good,Very Good,Very Good,4.65x4.61x2.93 mm,1.01,Sl. Thick - Thick,n/a,None,D112110993,$580
359,Round,0.40 ct.,K,VS2,Good,GIA,58.4 %,66 %,Very Good,Good,Good,4.84x4.83x2.82 mm,1.00,Medium - Thick,None,Faint,D112184979,$580
360,Round,0.31 ct.,D,SI2,Excellent,GIA,63.1 %,59 %,Good,Very Good,Very Good,4.26x4.29x2.7 mm,1.01,Medium - Thick,None,Faint,D112746316,$580
361,Round,0.30 ct.,F,SI2,Very Good,GIA,60.6 %,63 %,Excellent,Very Good,Very Good,4.27x4.31x2.6 mm,1.01,Sl. Thick - Thick,None,Faint,D112811440,$580
362,Round,0.30 ct.,J,VVS1,Excellent,GIA,64.5 %,56 %,Excellent,Very Good,Very Good,4.15x4.21x2.7 mm,1.01,Thick,None,None,D113143542,$580
363,Round,0.23 ct.,G,IF,Ideal,GIA,59.1 %,60 %,Excellent,Excellent,Excellent,4.00x4.02x2.37 mm,1.01,Medium - Sl. Thick,n/a,Faint,D113459405,$580
364,Round,0.40 ct.,K,VVS2,Ideal,GIA,61.9 %,55 %,Very Good,Very Good,Excellent,4.70x4.75x2.93 mm,1.01,Medium - Sl. Thick,None,Faint,D113588295,$580
365,Round,0.30 ct.,F,VS1,Very Good,GIA,63.5 %,56 %,Very Good,Good,Good,4.16x4.20x2.66 mm,1.01,Sl. Thick - V. Thick,n/a,None,D113616718,$580
366,Round,0.40 ct.,K,VS2,Very Good,GIA,65.0 %,56 %,Excellent,Very Good,Very Good,4.54x4.61x2.97 mm,1.02,n/a,n/a,None,D113767755,$580
367,Round,0.38 ct.,I,SI2,Ideal,GIA,59.4 %,60 %,Excellent,Excellent,Excellent,4.71x4.74x2.81 mm,1.01,n/a,None,Faint,D112057775,$581
368,Round,0.30 ct.,D,SI2,Ideal,GIA,61.8 %,57 %,Very Good,Very Good,Very Good,4.29x4.24x2.64 mm,1.01,V. Thin - Sl. Thick,None,Faint,D112185345,$581
369,Round,0.40 ct.,K,SI1,Ideal,GIA,63.0 %,58 %,Very Good,Very Good,Very Good,4.69x4.62x2.93 mm,1.02,n/a,None,None,D112322209,$581
370,Round,0.30 ct.,F,SI1,Ideal,GIA,63.4 %,56 %,Excellent,Very Good,Very Good,4.22x4.24x2.68 mm,1.00,Thin - Thick,Very Small,Medium,D113006353,$581
371,Round,0.34 ct.,E,SI2,Excellent,GIA,63.6 %,55 %,Very Good,Very Good,Very Good,4.42x4.44x2.82 mm,1.00,Medium - Thick,None,Medium,D113320468,$581
372,Round,0.35 ct.,K,VVS1,Excellent,GIA,63.5 %,58 %,Very Good,Very Good,Very Good,4.39x4.42x2.80 mm,1.01,Sl. Thick - Thick,None,None,D113490145,$581
373,Round,0.33 ct.,D,SI2,Ideal,GIA,61.1 %,59 %,Very Good,Excellent,Very Good,4.49x4.46x2.73 mm,1.01,V. Thin - Sl. Thick,None,Strong,D111994477,$583
374,Round,0.38 ct.,J,SI2,Ideal,GIA,59.4 %,61 %,Excellent,Excellent,Excellent,4.76x4.72x2.82 mm,1.01,Thin - Sl. Thick,None,Faint,D112198751,$583
375,Round,0.33 ct.,F,SI2,Ideal,GIA,59.4 %,60 %,Excellent,Excellent,Very Good,4.5x4.53x2.68 mm,1.01,n/a,n/a,Faint,D113334974,$583
376,Round,0.30 ct.,F,VS1,Very Good,GIA,63.8 %,57 %,Very Good,Good,Very Good,4.17x4.23x2.68 mm,1.01,Sl. Thick - Thick,None,Faint,D113655087,$583
377,Round,0.40 ct.,J,SI1,Excellent,GIA,61.3 %,62 %,Excellent,Excellent,Very Good,4.74x4.70x2.89 mm,1.01,Sl. Thick - Thick,None,Faint,D111983966,$584
378,Round,0.30 ct.,F,SI2,Very Good,GIA,64.3 %,61 %,Excellent,Very Good,Good,4.19x4.16x2.69 mm,1.01,Thick - V. Thick,None,None,D112114219,$584
379,Round,0.30 ct.,I,VS2,Ideal,GIA,61.9 %,60 %,Excellent,Very Good,Excellent,4.27x4.3x2.65 mm,1.01,n/a,None,None,D112885952,$584
380,Round,0.30 ct.,G,VS1,Good,GIA,61.9 %,68 %,Very Good,Very Good,Fair,4.17x4.12x2.57 mm,1.01,n/a,n/a,None,D113334448,$584
381,Round,0.30 ct.,F,SI2,Very Good,GIA,64.8 %,60 %,Excellent,Very Good,Very Good,4.20x4.15x2.70 mm,1.01,Medium - Thick,None,Faint,D113703852,$584
382,Round,0.41 ct.,K,SI1,Ideal,GIA,61.7 %,58 %,Very Good,Very Good,Very Good,4.75x4.76x2.94 mm,1.00,Thin - Sl. Thick,Very Small,None,D112963469,$586
383,Round,0.30 ct.,E,SI1,Very Good,GIA,64.1 %,56 %,Very Good,Very Good,Very Good,4.27x4.29x2.74 mm,1.00,n/a,None,None,D113133451,$586
384,Round,0.40 ct.,K,SI2,Ideal,GIA,59.6 %,61 %,Excellent,Excellent,Excellent,4.79x4.81x2.86 mm,1.00,Medium,None,None,D113535744,$586
385,Round,0.40 ct.,K,SI1,Ideal,GIA,62.5 %,55 %,Very Good,Very Good,Excellent,4.66x4.72x2.93 mm,1.01,Medium - Sl. Thick,None,Faint,D113847595,$586
386,Round,0.46 ct.,K,SI1,Very Good,GIA,63.4 %,62 %,Very Good,Very Good,Very Good,4.86x4.83x3.07 mm,1.01,Thick,None,Faint,D112884169,$587
387,Round,0.30 ct.,F,VS2,Very Good,GIA,70.4 %,59 %,Excellent,Very Good,Fair,3.99x4.04x2.82 mm,1.01,n/a,None,Medium,D113005137,$587
388,Round,0.32 ct.,E,SI2,Very Good,GIA,64.1 %,57 %,Very Good,Very Good,Very Good,4.28x4.33x2.76 mm,1.01,Sl. Thick - Thick,None,Faint,D113489980,$587
389,Round,0.30 ct.,F,SI1,Ideal,GIA,59.9 %,59 %,Very Good,Very Good,Very Good,4.32x4.35x2.60 mm,1.01,Medium - Thick,None,Faint,D113788442,$587
390,Round,0.30 ct.,J,VS2,Ideal,GIA,61.0 %,61 %,Excellent,Excellent,Excellent,4.27x4.3x2.61 mm,1.01,n/a,n/a,Faint,D113844360,$587
391,Round,0.31 ct.,D,SI2,Very Good,GIA,64.4 %,55 %,Good,Very Good,Very Good,4.22x4.24x2.73 mm,1.00,Medium - Thick,None,None,D112695654,$588
392,Round,0.30 ct.,F,SI1,Very Good,GIA,59.5 %,65 %,Excellent,Very Good,Very Good,4.34x4.27x2.56 mm,1.02,Thin - Thick,None,None,D112953361,$588
393,Round,0.32 ct.,E,SI2,Ideal,GIA,62.1 %,56 %,Very Good,Very Good,Excellent,4.38x4.4x2.73 mm,1.00,n/a,n/a,Faint,D113341545,$588
394,Round,0.31 ct.,D,SI2,Very Good,GIA,60.6 %,62 %,Very Good,Very Good,Very Good,4.36x4.38x2.65 mm,1.00,n/a,n/a,Medium,D113433634,$588
395,Round,0.30 ct.,E,SI2,Very Good,GIA,60.2 %,64 %,Very Good,Very Good,Very Good,4.27x4.30x2.58 mm,1.01,Thin - Thick,None,None,D113546616,$588
396,Round,0.30 ct.,D,SI1,Ideal,GIA,60.2 %,60 %,Very Good,Excellent,Excellent,4.36x4.38x2.63 mm,1.00,Thin - Sl. Thick,None,Faint,D113694793,$588
397,Round,0.30 ct.,G,SI1,Good,GIA,65.6 %,59 %,Very Good,Good,Good,4.08x4.12x2.69 mm,1.01,Thin - V. Thick,None,None,D113840677,$588
398,Round,0.36 ct.,J,VVS2,Good,GIA,65.9 %,60 %,Very Good,Very Good,Good,4.37x4.33x2.87 mm,1.01,V. Thick,None,None,D111984964,$590
399,Round,0.26 ct.,H,VVS2,Ideal,GIA,59.7 %,62 %,Excellent,Excellent,Excellent,4.16x4.15x2.48 mm,1.00,n/a,None,None,D112185511,$590
400,Round,0.40 ct.,J,SI2,Very Good,GIA,64.2 %,53 %,Excellent,Good,Very Good,4.61x4.59x2.96 mm,1.00,Sl. Thick - Thick,None,Faint,D112321736,$590
401,Round,0.40 ct.,K,VS2,Very Good,GIA,59.0 %,61 %,Very Good,Good,Very Good,4.76x4.78x2.82 mm,1.00,Medium - Thick,None,None,D113090063,$590
402,Round,0.30 ct.,G,SI1,Ideal,GIA,59.7 %,60 %,Very Good,Excellent,Excellent,4.38x4.4x2.62 mm,1.00,n/a,n/a,Faint,D113232467,$590
403,Round,0.30 ct.,I,IF,Ideal,GIA,60.5 %,61 %,Excellent,Excellent,Excellent,4.34x4.37x2.63 mm,1.01,n/a,None,None,D113516871,$590
404,Round,0.30 ct.,E,SI1,Very Good,GIA,66.2 %,55 %,Excellent,Very Good,Good,4.16x4.18x2.76 mm,1.00,Sl. Thick - Thick,None,None,D113646489,$590
405,Round,0.40 ct.,K,VS2,Excellent,GIA,64.4 %,57 %,Excellent,Very Good,Very Good,4.61x4.65x2.98 mm,1.01,Sl. Thick - Thick,None,Faint,D113726928,$590
406,Round,0.40 ct.,J,SI2,Excellent,GIA,64.0 %,55 %,Very Good,Excellent,Very Good,4.66x4.65x2.98 mm,1.00,Medium - Thick,None,Faint,D113844620,$590
407,Round,0.23 ct.,E,IF,Ideal,GIA,59.6 %,60 %,Excellent,Very Good,Excellent,3.97x3.99x2.37 mm,1.01,n/a,None,None,D111955889,$591
408,Round,0.40 ct.,J,VS1,Excellent,GIA,63.9 %,57 %,Very Good,Excellent,Very Good,4.64 x 4.67 x 2.97 mm,1.01,n/a,None,None,D112460490,$591
409,Round,0.30 ct.,H,VS2,Excellent,GIA,62.9 %,61 %,Excellent,Very Good,Very Good,4.27x4.22x2.67 mm,1.01,Sl. Thick - Thick,None,None,D113193840,$591
410,Round,0.30 ct.,D,VS2,Very Good,GIA,68.6 %,57 %,Excellent,Excellent,Fair,4.09x4.06x2.80 mm,1.01,Thick - V. Thick,None,None,D113232832,$591
411,Round,0.36 ct.,G,SI2,Excellent,GIA,64.1 %,56 %,Very Good,Excellent,Very Good,4.47x4.5x2.87 mm,1.01,n/a,n/a,Faint,D113341550,$591
412,Round,0.40 ct.,K,VS1,Excellent,GIA,59.7 %,62 %,Excellent,Very Good,Very Good,4.71x4.77x2.83 mm,1.01,n/a,n/a,Strong,D113533385,$591
413,Round,0.30 ct.,F,SI1,Very Good,GIA,64.9 %,57 %,Excellent,Very Good,Good,4.17x4.12x2.69 mm,1.01,Sl. Thick - Thick,None,None,D113674148,$591
414,Round,0.30 ct.,E,SI2,Excellent,GIA,64.7 %,58 %,Excellent,Excellent,Very Good,4.20x4.23x2.73 mm,1.01,Sl. Thick - Thick,None,None,D112500307,$593
415,Round,0.34 ct.,D,SI2,Ideal,GIA,63.1 %,57 %,Excellent,Excellent,Very Good,4.41x4.44x2.79 mm,1.01,Sl. Thick,None,Strong,D112745055,$593
416,Round,0.30 ct.,E,SI2,Excellent,GIA,64.0 %,58 %,Excellent,Very Good,Very Good,4.19x4.23x2.7 mm,1.01,Medium - Thick,None,None,D113132139,$593
417,Round,0.30 ct.,D,SI1,Excellent,GIA,64.3 %,57 %,Excellent,Very Good,Very Good,4.20x4.16x2.69 mm,1.01,Medium - Thick,None,None,D113371331,$593
418,Round,0.30 ct.,I,VS2,Very Good,GIA,65.2 %,58 %,Excellent,Very Good,Good,4.08x4.14x2.68 mm,1.01,n/a,n/a,None,D113680411,$593
419,Round,0.32 ct.,K,VVS1,Ideal,GIA,61.4 %,61 %,Excellent,Excellent,Excellent,4.37x4.39x2.69 mm,1.00,n/a,None,None,D112111301,$594
420,Round,0.37 ct.,J,VVS2,Excellent,GIA,64.1 %,58 %,Excellent,Excellent,Very Good,4.49x4.52x2.89 mm,1.01,Sl. Thick - Thick,None,None,D112338319,$594
421,Round,0.40 ct.,K,VVS2,Excellent,GIA,64.1 %,59 %,Excellent,Very Good,Very Good,4.64x4.59x2.96 mm,1.01,Sl. Thick - Thick,None,Strong,D112826872,$594
422,Round,0.30 ct.,D,SI2,Excellent,GIA,59.0 %,61 %,Excellent,Very Good,Very Good,4.32x4.35x2.56 mm,1.01,Sl. Thick - Thick,None,None,D113099546,$594
423,Round,0.30 ct.,D,SI1,Ideal,GIA,59.9 %,57 %,Excellent,Very Good,Very Good,4.36 x 4.37 x 2.62 mm,1.00,n/a,None,Faint,D113401894,$594
424,Round,0.30 ct.,F,SI1,Excellent,GIA,64.0 %,60 %,Excellent,Very Good,Very Good,4.19x4.23x2.70 mm,1.01,Thin - Thick,None,None,D113469041,$594
425,Round,0.40 ct.,J,SI2,Ideal,GIA,62.2 %,57 %,Very Good,Very Good,Very Good,4.67x4.7x2.91 mm,1.01,Sl. Thick - Thick,None,None,D113566457,$594
426,Round,0.29 ct.,F,VS2,Good,GIA,57.9 %,61 %,Very Good,Good,Very Good,4.33x4.40x2.53 mm,1.02,Medium - Thick,None,None,D113654449,$594
427,Round,0.41 ct.,J,SI1,Ideal,GIA,64.0 %,57 %,Excellent,Excellent,Very Good,4.67x4.65x2.99 mm,1.00,Sl. Thick - Thick,None,Faint,D111984642,$595
428,Round,0.35 ct.,E,SI2,Ideal,GIA,62.1 %,57 %,Very Good,Very Good,Very Good,4.49x4.52x2.8 mm,1.01,Medium - Thick,None,None,D112439596,$595
429,Round,0.40 ct.,I,SI2,Excellent,GIA,59.3 %,59 %,Excellent,Very Good,Good,4.74x4.81x2.83 mm,1.01,n/a,None,Medium,D112973438,$595
430,Round,0.32 ct.,E,SI2,Ideal,GIA,60.1 %,60 %,Very Good,Excellent,Excellent,4.42x4.45x2.67 mm,1.01,Thin - Medium,None,Faint,D113489976,$595
431,Round,0.30 ct.,F,SI1,Ideal,GIA,59.4 %,60 %,Excellent,Excellent,Excellent,4.37x4.39x2.60 mm,1.00,Medium - Sl. Thick,None,None,D113589000,$595
432,Round,0.30 ct.,G,SI1,Ideal,GIA,62.2 %,55 %,Very Good,Very Good,Excellent,4.26x4.29x2.66 mm,1.01,Thin - Sl. Thick,None,None,D113710000,$595
433,Round,0.23 ct.,E,IF,Ideal,GIA,61.2 %,60 %,Excellent,Very Good,Excellent,3.91x3.94x2.4 mm,1.01,n/a,None,None,D111991830,$597
434,Round,0.30 ct.,I,SI2,Ideal,GIA,62.6 %,58 %,Very Good,Very Good,Very Good,4.24x4.21x2.65 mm,1.01,Sl. Thick - Thick,None,None,D112152463,$597
435,Round,0.46 ct.,K,SI1,Very Good,GIA,61.0 %,62 %,Very Good,Very Good,Good,4.84x4.89x2.97 mm,1.01,n/a,n/a,None,D112880297,$597
436,Round,0.30 ct.,E,SI2,Ideal,GIA,63.5 %,57 %,Excellent,Very Good,Very Good,4.2x4.25x2.68 mm,1.01,Medium - Thick,None,None,D113132127,$597
437,Round,0.31 ct.,E,SI2,Ideal,GIA,61.7 %,57 %,Very Good,Very Good,Excellent,4.35x4.36x2.69 mm,1.00,Medium - Sl. Thick,n/a,Faint,D113266877,$597
438,Round,0.34 ct.,I,SI1,Ideal,GIA,59.2 %,61 %,Excellent,Excellent,Excellent,4.55x4.53x2.69 mm,1.00,Medium - Sl. Thick,None,None,D113576637,$597
439,Round,0.30 ct.,F,SI1,Good,GIA,64.2 %,62 %,Excellent,Very Good,Good,4.18x4.2x2.69 mm,1.00,n/a,n/a,None,D113830392,$597
440,Round,0.40 ct.,K,SI1,Ideal,GIA,59.6 %,61 %,Excellent,Excellent,Excellent,4.80x4.78x2.85 mm,1.00,n/a,None,Faint,D112063861,$598
441,Round,0.30 ct.,I,VS1,Very Good,GIA,65.0 %,57 %,Very Good,Very Good,Good,4.1x4.15x2.68 mm,1.01,Thick - V. Thick,None,Faint,D112110348,$598
442,Round,0.30 ct.,I,VS1,Very Good,GIA,64.3 %,56 %,Very Good,Very Good,Good,4.12x4.16x2.66 mm,1.01,Thick - V. Thick,Very Small,Faint,D112110897,$598
443,Round,0.40 ct.,J,SI2,Ideal,GIA,62.6 %,56 %,Excellent,Very Good,Very Good,4.68x4.71x2.94 mm,1.01,n/a,None,Medium,D112114460,$598
444,Round,0.24 ct.,G,VVS1,Ideal,GIA,61.4 %,58 %,Very Good,Very Good,Excellent,4.02x4.04x2.47 mm,1.00,n/a,None,None,D112885788,$598
445,Round,0.38 ct.,K,VVS2,Excellent,GIA,61.6 %,60 %,Very Good,Good,Very Good,4.65x4.68x2.87 mm,1.01,Thin - Sl. Thick,None,Faint,D112886107,$598
446,Round,0.30 ct.,D,SI2,Excellent,GIA,61.5 %,62 %,Very Good,Excellent,Very Good,4.27x4.3x2.64 mm,1.01,Sl. Thick,None,Faint,D113090839,$598
447,Round,0.30 ct.,E,SI1,Excellent,GIA,61.6 %,62 %,Excellent,Excellent,Very Good,4.27x4.3x2.64 mm,1.01,Sl. Thick,None,None,D113133450,$598
448,Round,0.30 ct.,F,SI1,Very Good,GIA,65.5 %,58 %,Excellent,Very Good,Good,4.06x4.14x2.68 mm,1.02,V. Thick,None,None,D113268295,$598
449,Round,0.30 ct.,G,VS1,Good,GIA,70.9 %,56 %,Excellent,Good,Fair,4.03x3.92x2.82 mm,1.03,n/a,None,None,D113540542,$598
450,Round,0.40 ct.,J,VS2,Very Good,GIA,64.9 %,56 %,Very Good,Very Good,Very Good,4.57x4.62x2.98 mm,1.01,Thin - Thick,None,Medium,D113623610,$598
451,Round,0.30 ct.,G,SI1,Very Good,GIA,65.1 %,60 %,Excellent,Very Good,Good,4.12x4.17x2.7 mm,1.01,n/a,n/a,None,D113712045,$598
452,Round,0.30 ct.,E,SI1,Ideal,GIA,62.6 %,56 %,Excellent,Good,Very Good,4.27x4.30x2.68 mm,1.01,Medium - Sl. Thick,None,None,D113840638,$598
453,Round,0.30 ct.,I,SI2,Excellent,GIA,58.6 %,61 %,Excellent,Excellent,Excellent,4.42x4.40x2.59 mm,1.00,n/a,None,Faint,D112152371,$600
454,Round,0.28 ct.,E,VVS2,Excellent,GIA,62.2 %,59 %,Very Good,Good,Very Good,4.17x4.2x2.6 mm,1.01,Medium - Thick,None,None,D112614094,$600
455,Round,0.30 ct.,D,SI1,Very Good,GIA,64.7 %,58 %,Very Good,Very Good,Good,4.13x4.17x2.68 mm,1.01,Medium - V. Thick,None,Faint,D113133443,$600
456,Round,0.33 ct.,F,SI2,Ideal,GIA,59.2 %,60 %,Excellent,Excellent,Excellent,4.52x4.54x2.68 mm,1.00,Thin - Medium,None,None,D113588850,$600
457,Round,0.31 ct.,J,VVS1,Ideal,GIA,60.1 %,61 %,Excellent,Excellent,Excellent,4.36x4.38x2.62 mm,1.00,n/a,n/a,None,D113823915,$600
